式神,生命,攻击,防御,速度,暴击,效果命中,效果抵抗,一技能,一技能描述,一技能强化,二技能,二技能描述,二技能强化,三技能,三技能描述,三技能强化,觉醒效果,觉醒技能,觉醒技能描述,觉醒技能强化
一反木绵,11734.76,2733.6,418.95,118,0.05,0,0,缠击,迅速前冲并使用布幔攻击敌方目标，造成攻击100%伤害并有100%基础概率附加纠缠阻碍，持续1回合。,"Lv.2伤害增加至105%
Lv.3伤害增加至110%
Lv.4伤害增加至120%
Lv.5纠缠阻碍持续回合增至2回合",雪织,"束缚敌方目标，造成攻击80%伤害并附加3层缠绕。束缚期间，偷取目标40%效果命中。
对被束缚目标重复施放此技能，将消耗所有缠绕层数并造成攻击185%伤害（每消耗1层缠绕额外提升21%伤害）。
一反木绵受到普攻伤害时，束缚目标减少1层缠绕。","Lv.2每层提升伤害增至26%
Lv.3每层提升伤害增至31%
Lv.4每层提升伤害增至36%
Lv.5束缚期间，额外偷取40%效果抵抗、40%暴击",绯夜散华,"对敌方目标以及被束缚目标攻击4次，前3次造成攻击45%伤害，最后造成攻击125%伤害。然后使被束缚的目标增加1层缠绕。
若两个目标相同，不重复攻击。","Lv.2最后一次伤害增至153%
Lv.3最后一次伤害增至181%
Lv.4最后一次伤害增至209%
Lv.5若只攻击了1个目标，则返还2点鬼火",觉醒技能增强,雪织,"束缚敌方目标，造成攻击80%伤害并附加3层缠绕。束缚期间，偷取目标40%效果命中。
对被束缚目标重复施放此技能，将消耗所有缠绕层数并造成攻击185%伤害（每消耗1层缠绕额外提升21%伤害）。
一反木绵受到普攻伤害时，束缚目标减少1层缠绕。
击杀被束缚的敌方时，永久偷取其属性，直到回目结束。","Lv.2每层提升伤害增至26%
Lv.3每层提升伤害增至31%
Lv.4每层提升伤害增至36%
Lv.5束缚期间，额外偷取40%效果抵抗、40%暴击"
一目连,13899.24,2385.2,392.49,117,0.05,0,0,风符·破,打出蕴含风之力的符咒攻击敌方目标，造成攻击100%伤害并有100%基础概率偷取20%攻击，持续2回合。,"Lv.2伤害增加至105%
Lv.3伤害增加至110%
Lv.4伤害增加至115%
Lv.5伤害增加至125%",风符·护,"使友方目标获得无法驱散的护盾，能吸收16％生命上限的伤害，持续2回合。
护盾被击破时，对敌方全体造成生命上限8%伤害。","Lv.2护盾吸收量增至17%
Lv.3护盾被击破时造成的伤害增至10%
Lv.4护盾吸收量增至18%
Lv.5护盾被击破时造成的伤害增至12%",风神之佑,使友方全体获得无法驱散的护盾，能吸收12％生命上限的伤害并提升10%攻击，持续2回合。,"Lv.2护盾吸收量增至13%
Lv.3护盾吸收量增至14%
Lv.4护盾吸收量增至15%
Lv.5护盾吸收量增至16%",觉醒技能增强,风神之佑,使友方全体获得无法驱散的护盾，能吸收12％生命上限的伤害并提升10%攻击、15%效果抵抗，持续2回合。,"Lv.2护盾吸收量增至13%
Lv.3护盾吸收量增至14%
Lv.4护盾吸收量增至15%
Lv.5护盾吸收量增至16%"
万年竹,10139.88,3596.56,392.49,115,0.05,0,0,笛中剑,使用笛中剑攻击敌方目标，造成攻击100%伤害，有30%的概率邀战。,"Lv.2伤害增加至105%
Lv.3伤害增加至110%
Lv.4伤害增加至115%
Lv.5伤害增加至125%",竹叶守护,回合结束时，自身获得竹叶守护，持续1回合。,,竹语,使友方全体获得竹叶守护，并提升攻击，提升等同万年竹攻击10%。维持1回合。,"Lv.2竹叶守护触发概率增至50%
Lv.3提升攻击效果，增至12%
Lv.4竹叶守护触发概率增至60%
Lv.5提升攻击效果，增至15%",属性增强:攻击加成增加10%,,,
三尾狐,10367.72,2921.2,441,122,0.1,0,0,尾袭,带着微笑妩媚地接近，再以迅雷不及掩耳之势用尾巴扇刮敌方目标，造成攻击100%伤害。,"Lv.2有20%概率提升自身10点速度，持续1回合
Lv.3伤害增加至110%
Lv.4加速概率增至30%
Lv.5伤害增加至120%，提升速度效果增至20点
Lv.6加速持续回合数增至2",诱惑,造成伤害时，有50%概率附带20%吸血。,"Lv.2吸血效果增至25%
Lv.3概率增至100%
Lv.4吸血效果增至40%",红颜怒发,攻击敌方目标3次，每次造成攻击88%伤害。,"Lv.2伤害增加至97%
Lv.3造成伤害时有100%基础概率附加1层5级中毒，再附加1层狐袭印记，每层造成攻击10%间接伤害；中毒和狐袭印记均持续2回合
Lv.4伤害增加至106%
Lv.5狐袭印记的间接伤害增至20%
Lv.6中毒和狐袭印记持续回合数增至3回合",属性增强:速度增加20,,,
丑时之女,11165.16,2894.4,414.54,117,0.1,0,0,咒锥,钉打稻草人，在其背后生成咒术阵，向敌方目标射出咒锥，造成攻击100%伤害。,"Lv.2伤害增加至105%
Lv.3伤害增加至110%
Lv.4伤害增加至115%
Lv.5伤害增加至125%",咒火,行动结束时，有20%基础概率对随机敌人附加咒火，持续2回合。,"Lv.2咒火易伤效果增至10%
Lv.3基础概率增至30%
Lv.4咒火易伤效果增至15%
Lv.5基础概率增至40%",草人替身,"召唤诅咒草人连接敌方目标，当草人受到伤害时，对被连接目标造成等量传导伤害，草人存在3回合。
草人继承目标10%生命、80%防御。","Lv.2继承生命值增至15%
Lv.3继承生命值增至20%
Lv.4继承生命值增至25%
Lv.5继承生命值增至30%",觉醒技能增强,草人替身,"召唤诅咒草人连接敌方目标，当草人受到伤害时，对被连接目标造成等量传导伤害，草人存在3回合。
草人继承目标10%生命、50%防御。","Lv.2继承生命值增至15%
Lv.3继承生命值增至20%
Lv.4继承生命值增至25%
Lv.5继承生命值增至30%"
两面佛,10481.64,3135.6,401.31,109,0.1,0,0,风雷两生,随机用一面攻击敌方目标。雷神造成攻击100%伤害；风神造成攻击25%伤害并附加风怒状态，造成攻击125%间接伤害，持续1回合。,"Lv.2雷神伤害增至105%；风神伤害增至27%，间接伤害增至132%
Lv.3雷神伤害增至110%；风神伤害增至28%，间接伤害增至138%
Lv.4雷神伤害增至115%；风神伤害增至29%，间接伤害增至144%
Lv.5雷神伤害增至125%；风神伤害增至32%，间接伤害增至157%",怒目,攻击时，雷神有100%基础概率为目标附加雷之怒目、风神有100%基础概率附加风之怒目，持续2回合。,"Lv.2降低防御、降低攻击，均增至12%
Lv.3降低防御、降低攻击，均增至14%
Lv.4降低防御、降低攻击，均增至16%
Lv.5雷神对攻击低于自身的敌方进行攻击时，击退8%行动条；风神对防御低于自身的敌方触发间接伤害后，增加自身8%行动条",神罪连击,跳入敌阵，每次随机一面攻击敌方全体3次，雷神造成攻击44%伤害；风神造成攻击11%伤害并附加风袭状态，造成攻击55%间接伤害，持续1回合。,"Lv.2雷神伤害增至47%；风神伤害增至12%，间接伤害增至59%
Lv.3雷神伤害增至49%；风神伤害增至13%，间接伤害增至61%
Lv.4雷神伤害增至51%；风神伤害增至14%，间接伤害增至64%
Lv.5雷神伤害增至55%；风神伤害增至15%，间接伤害增至69%",属性增强:伤害加成增加10%,,,
九命猫,9798.12,2974.8,454.23,108,0.1,0,0,猫爪,伸出利爪狠抓敌方目标，造成攻击100%伤害。,"Lv.2伤害增加至105%
Lv.3伤害增加至110%
Lv.4伤害增加至115%
Lv.5伤害增加至125%",,,,报复,张牙舞爪，仿佛有发泄不完的怨恨，攻击敌方目标3次，每次造成攻击73%伤害。,"Lv.2伤害增加至77%
Lv.3伤害增加至81%
Lv.4伤害增加至85%
Lv.5伤害增加至89%",觉醒添加技能,九命,"暴击时，获得1层猫妖·九命，上限4层。
阵亡时，若拥有4层猫妖·九命，则会立即复活并治疗生命上限20%的生命，并对随机敌方目标施放『报复』。",
书翁,11393,2680,441,109,0.08,0,0,墨染,使用毛笔攻击敌方目标，造成攻击100%伤害。,"Lv.2伤害增加至105%
Lv.3伤害增加至110%
Lv.4伤害增加至115%
Lv.5伤害增加至125%",云游,为友方目标治疗生命上限8%的生命，并使其获得天书·无隙，维持1回合。,"Lv.2天书·无隙承受伤害改为不超过生命上限12%
Lv.3同时对生命比例最低的敌方，免消耗施放『万象之书』（技能等级1）
Lv.4天书·无隙承受伤害改为不超过生命上限9%
Lv.5施放时，额外使另一生命比例最低的友方也获得天书·无隙",万象之书,为敌方目标附加天书·攻心，然后对其造成攻击80%伤害，状态维持1回合后结算。,"Lv.2天书·攻心伤害比例增至75%
Lv.3同时对生命比例最低的友方，免消耗施放『云游』（技能等级1）
Lv.4天书·攻心伤害比例增至100%
Lv.5施放时，额外为生命比例最低的另一敌方也附加天书·攻心",觉醒技能增强,云游,"为友方目标治疗生命上限8%的生命，并使其获得天书·无隙，维持1回合。
先机：自身获得天书·无隙，维持1回合。","Lv.2天书·无隙承受伤害改为不超过生命上限12%
Lv.3同时对生命比例最低的敌方，免消耗施放『万象之书』（技能等级1）
Lv.4天书·无隙承受伤害改为不超过生命上限9%
Lv.5施放时，额外使另一生命比例最低的友方也获得天书·无隙"
二口女,11506.92,2626.4,445.41,116,0.05,0,0,意外袭击,低头问好时，头上的妖灵乘机攻击敌方目标，造成攻击100%伤害。,"Lv.2伤害增加至105%
Lv.3伤害增加至110%
Lv.4伤害增加至115%
Lv.5伤害增加至120%",恐惧,"在友方行动时，有40%概率使自身获得1层妖气弹，上限6层。
先机：获得4层妖气弹。",,歉意,消耗所有妖气弹，攻击2次，每次对随机敌方目标造成攻击51%伤害，每消耗1层妖气弹可增加1次攻击次数。,"Lv.2伤害增加至54%
Lv.3伤害增加至57%
Lv.4伤害增加至60%
Lv.5伤害增加至63%",觉醒技能增强,恐惧,"在友方行动时，有66%概率使自身获得1层妖气弹，上限6层。
先机：获得4层妖气弹。",
人面树,12987.88,1795.6,511.56,98,0.08,0,0,神木,"攻击敌方目标，造成防御100%伤害。
（唯一效果）任一敌方回合结束后，若拥有的灾厄花未达3层，则为其附加1层；若其已拥有3层灾厄花，则每层对其造成防御90%间接伤害。","Lv.2普攻伤害增加至105%
Lv.3普攻伤害增加至110%
Lv.4普攻伤害增加至115%
Lv.5普攻伤害增加至125%",灾厄花,自身回合结束时，对带有灾厄花的敌方目标，消耗所有层数，每层对其造成防御90%间接伤害。,"Lv.2间接伤害增加至95%
Lv.3间接伤害增加至100%
Lv.4间接伤害增加至105%
Lv.5当灾厄花被驱散时，自身提升5%防御，此增益状态可被驱散",祸根,"获得祸根之护，持续3回合。
对带有灾厄花的敌方目标，消耗所有层数，每层对其造成防御216%间接伤害。","Lv.2间接伤害增加至227%
Lv.3间接伤害增加至238%
Lv.4间接伤害增加至248%
Lv.5祸根之护使自身提升6%战斗初始防御",觉醒技能增强,灾厄花,"自身回合结束时，对带有灾厄花的敌方目标，消耗所有层数，每层对其造成防御90%间接伤害。
造成伤害时，若自身防御高于目标，则每差距1%，该次伤害提升1%，上限100%。","Lv.2间接伤害增加至95%
Lv.3间接伤害增加至100%
Lv.4间接伤害增加至105%
Lv.5当灾厄花被驱散时，自身提升5%防御，持续2回合，此增益状态可被驱散"
以津真天,10025.96,3269.6,396.9,110,0.1,0,0,风之舞,以利爪攻击敌方目标，造成攻击60%伤害。若非进行反击，则每层黄金羽增加1次攻击次数。,"Lv.2伤害增加至65%
Lv.3伤害增加至70%
Lv.4伤害增加至75%
Lv.5伤害增加至85%",黄金羽,"回合开始时，获得随机1-3层黄金羽。
受到伤害时，将1层印记转为附加至伤害者，上限3层。
阵亡时，对场上带有黄金羽的敌方，消耗所有印记层数，每层对其造成攻击30%伤害。","Lv.2黄金羽减疗、易伤效果增至6%
Lv.3黄金羽减疗、易伤效果增至7%
Lv.4黄金羽减疗、易伤效果增至8%
Lv.5黄金羽减疗、易伤效果增至9%",千羽风之舞,飞于空中冲入敌阵攻击敌方全体2次，每次造成攻击60%伤害，然后对带有黄金羽的敌人，消耗所有层数，每层造成攻击30%伤害。,"Lv.2伤害增加至63%
Lv.3伤害增加至66%
Lv.4伤害增加至69%
Lv.5伤害增加至72%",觉醒技能增强,黄金羽,"回合开始时，获得随机1-3层黄金羽。
受到伤害时，将1层印记转为附加至伤害者，上限3层。
带有黄金羽的敌方被普攻时，以津真天有50%概率协战。
阵亡时，对场上带有黄金羽的敌人，消耗所有层数，每层印记造成攻击30%伤害。","Lv.2黄金羽减疗、易伤效果增至6%
Lv.3黄金羽减疗、易伤效果增至7%
Lv.4黄金羽减疗、易伤效果增至8%
Lv.5黄金羽减疗、易伤效果增至9%"
傀儡师,11734.76,2840.8,401.31,108,0.05,0,0,傀儡·出击,一边自言自语一边操纵傀儡攻击敌方目标，造成攻击100%伤害。,"Lv.2伤害增加至105%
Lv.3伤害增加至110%
Lv.4伤害增加至115%
Lv.5伤害增加至125%",,,,傀儡·爆发,激活机关，控制傀儡连续攻击敌方目标5次，每次造成攻击55%伤害。,"Lv.2伤害增加至58%
Lv.3伤害增加至61%
Lv.4伤害增加至64%
Lv.5伤害增加至67%",觉醒添加技能,傀儡·追击,造成伤害时，20%概率对目标造成其生命上限10%伤害，最高不超过攻击120%。,
兔丸,13215.72,2412,414.54,116,0.03,0,0,萌动,攻击敌方目标，造成攻击100%伤害。,"Lv.2伤害增加至105%
Lv.3伤害增加至110%
Lv.4伤害增加至115%
Lv.5伤害增加至125%",治愈,受到非传导伤害时，有40%概率获得1层胡萝卜，上限4层。单次攻击内最多触发1次。,"Lv.2胡萝卜提升效果抵抗，增至30%
Lv.3触发概率增至50%
Lv.4胡萝卜提升效果抵抗，增至40%
Lv.5触发概率增至60%",守护之心,"对随机友方目标，驱散其带有的冰冻、沉睡或解除其带有的变形、眩晕，并增加10%行动条。之后消耗所有胡萝卜，每消耗1层可额外使另一个随机友方目标也增加行动条。
对带有控制效果的友方将改为增加双倍行动条。","Lv.2增加行动条效果增至15%
Lv.3增加行动条效果增至20%
Lv.4增加行动条效果增至25%
Lv.5增加行动条效果增至30%",觉醒技能增强,治愈,"受到非传导伤害时，有40%概率获得1层胡萝卜，上限4层。单次攻击内最多触发1次。
回合开始时，获得2层胡萝卜。
先机：获得1层胡萝卜。","Lv.2胡萝卜提升效果抵抗，增至30%
Lv.3触发概率增至50%
Lv.4胡萝卜提升效果抵抗，增至40%
Lv.5触发概率增至60%"
入殓师,9342.44,3028.4,463.05,104,0.1,0,0,葬仪,释放来自冥界的力量，对敌方目标造成攻击100%伤害。,"Lv.2伤害增加至105%
Lv.3伤害增加至110%
Lv.4伤害增加至115%
Lv.5伤害增加至125%",离魂,对敌方目标造成攻击211%伤害。,"Lv.2伤害增加至221%
Lv.3伤害增加至232%
Lv.4伤害增加至244%
Lv.5消耗鬼火数减1",荼蘼盛放之棺,"召唤出棺中少女织雪，持续1回合。此期间降低自身50%速度，提升250%基础防御、70%效果抵抗。
任一敌方回合结束后，若自身未处于无法动作，则对其以及另一生命比例最低的敌方，造成攻击20%伤害（该敌方回合内每消耗1点鬼火，再额外加上攻击10%伤害）。
自身生命比例每降低1%，提升2.5%此技能伤害。","Lv.2伤害增加至25%
Lv.3敌方消耗鬼火的额外伤害增至20%
Lv.4伤害增加至30%
Lv.5冷却回合数减1",觉醒技能增强,离魂,"对敌方目标造成攻击211%伤害，并附加1层魂隙，根据魂隙层数1~5层，造成生命上限15%、30%、60%、120%、240%间接伤害（不超过入殓师攻击500%）。
带有魂隙的目标，普攻入殓师可以驱散全部魂隙。","Lv.2伤害增加至221%
Lv.3伤害增加至232%
Lv.4伤害增加至244%
Lv.5消耗鬼火减少1点"
八岐大蛇,12418.28,4073.6,480.69,118,0.1,0,0,魂魄碎裂,粉碎敌方目标魂魄，造成攻击100%伤害。,"Lv.2伤害增加至105%
Lv.3伤害增加至110%
Lv.4伤害增加至115%
Lv.5普攻时，号令所有蛇魔对目标进行凝视",不洁之力,"使友方目标获得不洁之力，维持2回合，之后将其转化为蛇魔，蛇魔可使用毒液。
当无其他友方式神存活时，将此技能替换为『八岐之影』。","Lv.2每个蛇魔使八岐大蛇和控制的蛇魔提升30%防御
Lv.3每个蛇魔使八岐大蛇和控制的蛇魔提升20%效果抵抗
Lv.4每个蛇魔使八岐大蛇和控制的蛇魔提升10速度
Lv.5施放时将使友方目标获得新的回合",神念之影,"开启神魔空间，号令每个蛇魔为随机敌方目标附加五感尽失直到回合结束。
接着对敌方全体造成攻击158%伤害，并役使所有蛇魔各使用1次毒液攻击随机敌方目标。","Lv.2伤害增加至166%
Lv.3伤害增加至175%
Lv.4伤害增加至183%
Lv.5当无友方式神及阴阳师存活时，获得额外技能『神愤之炎』",觉醒技能增强,不洁之力,"使友方目标获得不洁之力，维持2回合，之后将其转化为蛇魔，蛇魔可使用毒液。
八岐大蛇与蛇魔，攻击时将对目标附加1层魔。
当无其他友方式神存活时，将此技能替换为『八岐之影』。","Lv.2每个蛇魔使八岐大蛇和控制的蛇魔提升30%防御
Lv.3每个蛇魔使八岐大蛇和控制的蛇魔提升20%效果抵抗
Lv.4每个蛇魔使八岐大蛇和控制的蛇魔提升10速度
Lv.5施放时将使友方目标获得新的回合"
兵俑,13329.64,2385.2,414.54,116,0.05,0,0,挥斩,挥舞长刀斩击敌方目标，造成防御160%伤害；连续两次攻击相同目标时，伤害提升50%。,"Lv.2伤害增加至200%
Lv.3伤害增加至240%
Lv.4伤害增加至280%
Lv.5伤害增加至320%",坚甲,生命比例每降低30%，提升5%防御。,"Lv.2生命比例门槛降至20%
Lv.3提升防御效果增至7%
Lv.4提升防御效果增至9%
Lv.5提升防御效果增至11%",坚不可破,石化自身，50%基础概率对敌方全体嘲讽，并使自身获得40%减伤、40%减速；生命比例每降低25%，基础概率提升5%。,"Lv.2减伤效果增至50%
Lv.3减伤效果增至60%
Lv.4减伤效果增至70%
Lv.5减伤效果增至80%",觉醒技能增强,挥斩,挥舞长刀斩击敌方目标，造成防御160%伤害并有30%基础概率对其嘲讽，持续1回合；连续两次攻击相同目标时，伤害提升50%。,"Lv.2伤害增加至200%
Lv.3伤害增加至240%
Lv.4伤害增加至280%
Lv.5伤害增加至320%"
凤凰火,11393,2680,441,106,0.1,0,0,凤火,以妖力凝成凤火弹射向敌方目标，造成攻击100%伤害，有50%基础概率偷取10%暴击，持续2回合。,"Lv.2伤害增加至105%
Lv.3伤害增加至110%
Lv.4伤害增加至115%
Lv.5伤害增加至120%",,,,凤凰业火,释放凤凰业火攻击敌方全体，造成攻击99%伤害，若暴击，有25%概率获得新的回合。,"Lv.2伤害增加至104%
Lv.3伤害增加至109%
Lv.4伤害增加至114%
Lv.5伤害增加至119%",觉醒添加技能,烈焰,攻击时，对带有减益状态和控制效果的敌方，有50%基础概率使其眩晕，持续1回合。,
判官,10481.64,3028.4,418.95,118,0.05,0,0,墨笔夺魂,从墨笔中打出一道墨意攻击敌方目标，造成攻击100%伤害。,"Lv.2伤害增加至105%
Lv.3伤害增加至110%
Lv.4伤害增加至115%
Lv.5伤害增加至125%",,,,死亡宣告,发出生死判决攻击敌方全体，造成攻击100%伤害并附加死亡裁决，持续1回合，未被移除时，在目标回合开始前造成攻击100%间接伤害。,"Lv.2伤害增至105%，间接伤害增至105%
Lv.3伤害增至110%，间接伤害增至110%
Lv.4伤害增至115%，间接伤害增至115%
Lv.5伤害增至125%，间接伤害增至125%",觉醒添加技能,无情,造成伤害时，目标生命比例每降低1%，提升1%暴击；对被复活的目标，伤害提升10%。,"Lv.2对被复活的目标，伤害提升增至20%
Lv.3对被复活的目标，伤害提升增至30%
Lv.4对被复活的目标，伤害提升增至40%
Lv.5若判官暴击超过100%，每超出1%，转化为1%暴击伤害"
化鲸,12873.96,2840.8,357.21,111,0.05,0,0,水袭,召唤出水流，对敌方目标造成攻击80%伤害，并对拥有体甲的友方治疗等同该次伤害的生命。同时有30%概率邀战携带齿甲的友方。,"Lv.2伤害增加至85%
Lv.3伤害增加至90%
Lv.4伤害增加至95%
Lv.5伤害增加至105%",齿甲,"给予或是使友方目标获得齿甲。
齿甲在携带者行动后触发，化鲸将唤出巨大的鲸鱼攻击敌方全体，造成敌方生命上限12%真实伤害（不超过携带者攻击100%），此伤害不触发携带者以及敌方的御魂、被动。","Lv.2造成伤害增至敌方生命上限13%
Lv.3造成伤害增至敌方生命上限14%
Lv.4造成伤害增至敌方生命上限15%
Lv.5消耗鬼火减少1点",体甲,"给予或是使友方目标获得体甲，并为友方全体治疗生命上限6%的生命。
体甲在携带者受到暴击伤害时触发，使暴击伤害降低50%。
体甲的携带者在行动前，治疗等同化鲸生命上限6%的生命。","Lv.2治疗增至7%
Lv.3治疗增至8%
Lv.4治疗增至9%
Lv.5治疗增至10%，消耗鬼火减少1点",觉醒技能增强,齿甲,"给予或是使友方目标获得齿甲。
齿甲在携带者行动后触发，化鲸将唤出巨大的鲸鱼攻击敌方全体，造成敌方生命上限12%真实伤害（不超过携带者攻击100%），此伤害不触发携带者以及敌方的御魂、被动。
先机：获得齿甲与体甲。","Lv.2造成伤害增至敌方生命上限13%
Lv.3造成伤害增至敌方生命上限14%
Lv.4造成伤害增至敌方生命上限15%
Lv.5消耗鬼火减少1点"
匣中少女,13671.4,2438.8,392.49,119,0.03,0,0,流光,从宝匣中引出一道流光，攻击敌方目标，造成攻击100%伤害。,"Lv.2伤害增加至105%
Lv.3伤害增加至110%
Lv.4伤害增加至115%
Lv.5伤害增加至125%",溢彩,"唯一效果。
友方行动后，有80%概率使其获得护盾，能吸收匣中少女8％生命上限的伤害，持续1回合。同时获得1个随机增益效果，持续1回合。",,回梦,"使用宝匣的力量，记录友方全体的当前生命，持续2回合后生效。
生效时，若友方当前生命低于记录值的30%，则回复至30%。
被记录的友方受到伤害时，若会因该次伤害而阵亡，则免疫该次伤害并立即生效。","Lv.2触发比例增至40%
Lv.3触发比例增至50%
Lv.4触发比例增至60%
Lv.5冷却回合数减1",觉醒技能增强,溢彩,"唯一效果。
友方行动后，有80%概率使其获得护盾，能吸收匣中少女8％生命上限的伤害，持续1回合。同时获得1个随机增益效果，持续1回合。
受到攻击时，有100%基础概率为攻击者附加1个随机减益效果，持续1回合。",
卖药郎,10253.8,3350,392.49,112,0.1,0,0,释物之形,"使用符咒攻击敌方目标，揭示目标之""形""，造成攻击100%伤害。","Lv.2伤害增加至105%
Lv.3伤害增加至110%
Lv.4伤害增加至115%
Lv.5伤害增加至125%",道物之真理,"唯一效果。
敌方回合结束后，有40%概率使用天平将之标记，上限3个天平。攻击带有天平的敌方时，每个天平提升33%伤害。
带有1、2、3个天平的敌方，在生命低于30%、40%、60%时，将会把所有天平转化为看破，持续2回合。",,退魔,"拔出退魔剑，变身为金色神灵，对敌方目标造成攻击263%伤害并使用天平将之标记。
若敌方带有看破，则改为造成其当前生命等量的伤害（不超过攻击600%），此次伤害无视护盾、无法分担、不触发其御魂及被动。","Lv.2伤害增加至276%
Lv.3伤害增加至289%
Lv.4伤害增加至302%
Lv.5伤害增加至329%",觉醒技能增强,道物之真理,"唯一效果。
敌方回合结束后，有50%概率使用天平将之标记，上限3个天平。攻击带有天平的敌方时，每个天平提升33%伤害。
带有1、2、3个天平的敌方，在生命低于30%、40%、60%时，将会把所有天平转化为看破，持续2回合。",
古笼火,13215.72,2519.2,396.9,117,0.05,0,0,火风车,使用焰火攻击敌方目标，造成攻击100%伤害。,"Lv.2伤害增加至105%
Lv.3伤害增加至110%
Lv.4伤害增加至115%
Lv.5伤害增加至125%",灵运,受到攻击时，有20%概率回复1点鬼火。,"Lv.2触发概率增至25%
Lv.3触发概率增至30%",恶戏之火,对除自身外的任一目标，100%基础概率附加恶戏状态，持续2回合。若目标为友方则必定命中。,"Lv.2恶戏状态提升伤害效果，增至15%
Lv.3恶戏状态提升伤害效果，增至20%
Lv.4恶戏状态提升伤害效果，增至25%
Lv.5恶戏状态提升伤害效果，增至30%",觉醒技能增强,灵运,"受到攻击时，有20%概率回复1点鬼火。
行动时，若鬼火数为0点，则回复1点鬼火。","Lv.2触发概率增至25%
Lv.3触发概率增至30%"
吸血姬,10937.32,3001.6,405.72,115,0.1,0,0,血袭,牺牲10%当前生命，攻击敌方目标造成攻击120%伤害。,"Lv.2伤害增加至126%
Lv.3伤害增加至132%
Lv.4伤害增加至138%
Lv.5伤害增加至150%",血怒,损失的生命将转化为力量，生命比例每降低1%，提升4%伤害。,,鲜血之拥,化为血蝠拥抱敌方目标，造成攻击131%伤害，并获得等同该次伤害20%的护盾，持续1回合。,"Lv.2伤害增加至138%
Lv.3伤害增加至145%
Lv.4伤害增加至152%
Lv.5伤害增加至159%",觉醒技能增强,鲜血之拥,化为血蝠拥抱敌方目标，造成攻击131%伤害，并获得等同该次伤害20%的护盾，持续1回合。再对该敌方附加失血，造成其生命上限10%间接伤害（不超过吸血姬攻击400%），持续2回合。,"Lv.2伤害增加至138%
Lv.3伤害增加至145%
Lv.4伤害增加至152%
Lv.5伤害增加至159%"
夜叉,10139.88,3269.6,392.49,110,0.12,0,0,屠戮,攻击敌方目标，造成攻击100%伤害。,"Lv.2伤害增加至105%
Lv.3伤害增加至110%
Lv.4伤害增加至115%
Lv.5伤害增加至125%",,,,黄泉之海,"攻击敌方目标，造成攻击198%伤害。
有50%的概率对随机敌方目标重复施放此技能。","Lv.2伤害增加至208%
Lv.3伤害增加至218%
Lv.4伤害增加至228%
Lv.5伤害增加至238%",觉醒添加技能,鬼魅,造成伤害时，30%概率提升20点速度，持续2回合。,"Lv.2触发概率增至35%
Lv.3触发概率增至40%
Lv.4触发概率增至45%
Lv.5触发概率增至50%"
大天狗,10025.96,3449.16,418.95,110,0.1,0,0,风袭,聚风形成旋转风刃攻击敌方目标，造成攻击100%伤害。,"Lv.2伤害增加至105%
Lv.3伤害增加至110%
Lv.4伤害增加至115%
Lv.5伤害增加至125%",钢铁之羽,"战斗开始及回合结束时，获得庇护。
回合开始时，失去庇护，获得雄姿英发，直到回合结束。","Lv.2雄姿英发提升暴击伤害增加至10%
Lv.3雄姿英发提升攻击增加至10%
Lv.4雄姿英发提升暴击伤害增加至15%
Lv.5雄姿英发提升攻击增加至15%",羽刃暴风,召唤飓风形成大型的羽刃旋涡攻击敌方全体4次，每次造成攻击37%伤害。,"Lv.2伤害增加至39%
Lv.3伤害增加至41%
Lv.4伤害增加至43%
Lv.5伤害增加至45%",属性增强:攻击加成增加10%,,,
天井下,11962.6,2251.2,489.51,109,0.05,0,0,扔石头,向敌方目标扔出石头，造成攻击100%伤害。,"Lv.2伤害增加至105%
Lv.3伤害增加至110%
Lv.4伤害增加至115%
Lv.5伤害增加至120%",遮雨,"唯一效果。
妖怪屋散发出神奇的灵力，使友方全体提升10%效果抵抗。","Lv.2提升效果抵抗增至15%
Lv.3提升效果抵抗增至20%
Lv.4提升效果抵抗增至25%
Lv.5自身及友方回合开始时，治疗等同其生命上限5%的生命",再会之音,"妖怪屋在平常时候处于迷梦状态，拥有欢愉标记且自身未承受控制效果时，妖怪屋将保持清醒。清醒状态时使友方全体提升10%伤害。
回合开始时，天井下暂时唤醒身下的妖怪屋，使其保持清醒状态直到回合结束。
【施放】自身获得2层欢愉标记，持续1回合。","Lv.2提升伤害效果增至15%
Lv.3友方消耗欢愉标记时，使其额外增加25%行动条
Lv.4提升伤害效果增至20%
Lv.5获得欢愉标记增至3层",觉醒技能增强,再会之音,"妖怪屋在平常时候处于迷梦状态，拥有欢愉标记且自身未承受控制效果时，妖怪屋将保持清醒。清醒状态时使友方全体提升10%伤害，自身提升100%效果抵抗。
回合开始时，天井下暂时唤醒身下的妖怪屋，使其保持清醒状态直到回合结束。
【施放】自身获得2层欢愉标记，持续1回合。","Lv.2提升伤害效果增至15%
Lv.3友方消耗欢愉标记时，使其额外增加25%行动条
Lv.4提升伤害效果增至20%
Lv.5获得欢愉标记增至3层"
奴良陆生,11393,3028.4,383.67,113,0.1,0,0.5,弥弥切丸,"拔出""退魔刀·弥弥切丸""砍击敌方目标，造成攻击80%伤害。","Lv.2伤害增加至84%
Lv.3伤害增加至88%
Lv.4伤害增加至92%
Lv.5有25%概率邀战1～2名随机友方。",镜花水月,"受到伤害或触发抵抗时，有35%概率获得1层畏，并反击敌方。
单次攻击内最多触发1次。
畏上限4层，每层持续4回合。",,百鬼夜行,"获得1层持续4回合的畏，并拔出""退魔刀·弥弥切丸""强力斩击敌方目标，造成攻击120%伤害。","Lv.2伤害增加至126%
Lv.3伤害增加至132%
Lv.4伤害增加至138%
Lv.5伤害增加至150%",属性增强:效果抵抗增加50%,,,
妖刀姬,10025.96,3269.6,396.9,111,0.12,0,0,不祥之刃,使用太刀攻击敌方目标，造成攻击100%伤害。,"Lv.2伤害增加至105%
Lv.3伤害增加至110%
Lv.4伤害增加至115%
Lv.5伤害增加至120%",,,,杀戮,攻击敌方目标6次，每次造成攻击50%伤害，若击杀目标时攻击次数未用尽，则转换攻击生命最低的另一敌方目标。,"Lv.2伤害增加至52%
Lv.3伤害增加至54%
Lv.4伤害增加至56%
Lv.5伤害增加至58%，每次转换攻击目标，使攻击次数增加2次",觉醒添加技能,幽锋,造成伤害时，有20%概率造成攻击40%的额外伤害。,
妖狐,10367.72,3055.2,418.95,115,0.1,0,0,风刃,舞扇卷出风刃攻击敌方目标，造成攻击100%伤害。,"Lv.2伤害增加至105%
Lv.3伤害增加至110%
Lv.4伤害增加至115%
Lv.5伤害增加至125%",聚气,造成伤害时，获得1层聚气，上限5层。,"Lv.2每层聚气提升攻击效果，增至3%
Lv.3每层聚气提升攻击效果，增至4%
Lv.4每层聚气提升攻击效果，增至5%
Lv.5每层聚气提升攻击效果，增至6%",狂风刃卷,挥舞纸扇进行风刃攻击敌方目标2次，每次造成攻击66%伤害。有50%的概率对同一目标重复施放此技能。,"Lv.2伤害增加至69%
Lv.3伤害增加至72%
Lv.4伤害增加至75%
Lv.5伤害增加至78%",属性增强:吸血增加10%,,,
妖琴师,12646.12,2572.8,410.13,120,0.05,0,0,惊弦,以琴为弓，以妖力将琴音凝成音箭攻击敌方目标，造成攻击100%伤害。,"Lv.2伤害增加至105%
Lv.3伤害增加至110%
Lv.4伤害增加至115%
Lv.5伤害增加至125%",余音,"使友方目标获得新的回合。
使友方全体获得余音，持续1回合。","Lv.2余音提升速度效果增至11点
Lv.3余音提升速度效果增至14点
Lv.4余音提升速度效果增至17点
Lv.5余音提升速度效果增至20点",疯魔琴心,将心中所想全部灌注在演奏之中，奏出让人癫狂的音色，对敌方全体造成攻击85%伤害，并有20%概率击退100%行动条。,"Lv.2伤害增加至89%
Lv.3伤害增加至93%
Lv.4伤害增加至97%
Lv.5伤害增加至101%",觉醒技能增强,疯魔琴心,将心中所想全部灌注在演奏之中，奏出让人癫狂的音色，对敌方全体造成攻击85%伤害，并有20%概率击退100%行动条以及20%基础概率使其混乱，持续1回合。,"Lv.2伤害增加至89%
Lv.3伤害增加至93%
Lv.4伤害增加至97%
Lv.5伤害增加至101%"
姑获鸟,10823.4,3082,396.9,113,0.1,0,0,伞剑,以肉眼无法捕捉的速度迅速拔出藏在腰间的伞挥砍敌方目标，造成攻击80%伤害并无视20%防御。,"Lv.2伤害增加至84%
Lv.3伤害增加至88%
Lv.4伤害增加至92%
Lv.5伤害增加至96%",协战,30%概率协战。,,天翔鹤斩,以伞为剑，划出凌冽的剑气攻击敌方全体3次，每次造成攻击33%伤害，最后对敌方目标造成攻击88%伤害。,"Lv.2全体伤害增至35%，目标伤害增至93%
Lv.3全体伤害增至37%，目标伤害增至98%
Lv.4全体伤害增至39%，目标伤害增至103%
Lv.5全体伤害增至41%，目标伤害增至108%",属性增强:伤害加成增加10%,,,
孟婆,10709.48,2921.2,427.77,115,0.08,0,0,药汤,把滚烫药汤泼向敌方目标，造成攻击100%伤害，额外对护盾造成100%伤害。,"Lv.2伤害增加至105%
Lv.3伤害增加至110%
Lv.4伤害增加至115%
Lv.5伤害增加至120%",,,,天降之物,跳入半空，乘着汤碗从天而降，对敌方目标造成攻击211%伤害并有90%基础概率使其沉默2回合，同时对其他敌方造成攻击27%伤害并有25%基础概率使他们沉默1回合。,"Lv.2敌方目标伤害增至222%，其他敌方伤害增至28%
Lv.3敌方目标伤害增至233%，其他敌方伤害增至29%
Lv.4敌方目标伤害增至244%，其他敌方伤害增至30%
Lv.5敌方目标伤害增至255%，其他敌方伤害增至31%",觉醒添加技能,汤盆冲撞,以妖力引导汤盆冲向敌方目标，造成攻击130%伤害并有50%基础概率使其沉默1回合。,"Lv.2伤害增加至137%
Lv.3伤害增加至144%
Lv.4伤害增加至151%
Lv.5伤害增加至158%"
小松丸,10823.4,2921.2,423.36,115,0.05,0,0,松果一击,扔出一个大大的松果砸向敌方目标，造成攻击100%伤害。,"Lv.2伤害增加至105%
Lv.3伤害增加至110%
Lv.4伤害增加至115%
Lv.5伤害增加至125%",胆怯,受到非传导伤害时，有15%概率躲至生命最高的友方身后免疫此伤害及附带效果。若本次伤害为单体伤害，则改由身前的友方承受其中80%伤害及技能效果。,"Lv.2触发概率增至18%
Lv.3触发概率增至19%
Lv.4触发概率增至21%
Lv.5触发概率增至25%",怒气,踩踏4次，首次攻击敌方目标，余下次数攻击随机敌方，每次造成攻击150%伤害，并有42%基础概率将敌方变形1回合；若重复踩踏同一目标，伤害依次递减40%，基础概率降至20%，变形回合数可叠加至最多2回合。,"Lv.2伤害增加至159%
Lv.3伤害增加至168%
Lv.4伤害增加至177%
Lv.5伤害增加至187%",觉醒技能增强,胆怯,"受到非传导伤害时，有15%概率躲至生命最高的友方身后免疫此伤害及附带效果。若本次伤害为单体伤害，则改由身前的友方承受其中80%伤害及技能效果。
触发躲避时，有50%基础概率对伤害者挑衅，持续1回合。","Lv.2触发概率增至18%
Lv.3触发概率增至19%
Lv.4触发概率增至21%
Lv.5触发概率增至25%"
小袖之手,11051.24,2948,401.31,116,0.08,0,0,绵里藏针,操控针线穿过敌方目标，造成攻击100%伤害。,"Lv.2伤害增加至105%
Lv.3伤害增加至110%
Lv.4伤害增加至115%
Lv.5伤害增加至125%",丝缕相连,"召唤针线连接敌方目标及另一名随机敌方，当其中一名敌方受到控制效果，另一名敌方有40%概率被附加同样效果，且不触发其御魂及被动。
针线继承目标50%生命、70%防御。","Lv.2继承生命值增至60%
Lv.3概率增至50%
Lv.4继承防御值增至80%
Lv.5概率增至60%",穿针引线,操纵针线攻击敌方全体，造成攻击100%伤害，最后对敌方目标造成攻击100%伤害。,"Lv.2伤害增加至105%
Lv.3伤害增加至110%
Lv.4伤害增加至115%
Lv.5伤害增加至125%",觉醒技能增强,丝缕相连,"召唤针线连接敌方目标及另一名随机敌方，当其中一名敌方受到控制效果、受到伤害时，另一名敌方有40%概率被附加同样效果、受到等量70%传导伤害，且均不触发被动及御魂。
针线继承目标50%生命、70%防御。","Lv.2继承生命值增至60%
Lv.3概率增至50%
Lv.4继承防御值增至80%
Lv.5概率增至60%"
小鹿男,11165.16,2814,427.77,120,0.1,0,0,森之力,以森林之力唤出藤蔓攻击敌方目标，造成攻击100%伤害并有50%基础概率附加森之力，持续2回合。,"Lv.2伤害增加至105%，基础概率增至60%
Lv.3伤害增加至110%，基础概率增至70%
Lv.4伤害增加至115%，基础概率增至80%
Lv.5伤害增加至120%，基础概率增至100%",,,,鹿角冲撞,"将全身妖力注入鹿角攻击敌方目标，造成攻击158%伤害。
当拥有生生不息时将击退敌方40%行动条，若被击退至末端则有100%基础概率使其眩晕1回合。
触发眩晕会消耗1层生生不息。","Lv.2伤害增加至166%
Lv.3伤害增加至174%；生生不息2层时，可额外攻击1个随机敌方目标，对同目标的重复伤害降低40％
Lv.4伤害增加至182%
Lv.5伤害增加至191%；生生不息多于1层时，每多1层可额外攻击1个随机敌方目标，对同目标的重复伤害降低40％",觉醒添加技能,生生不息,"回合结束时，若当回合没消耗生生不息则获得1层该状态，上限3层。
受到控制效果时，有10%概率将该效果反弹给随机敌方。
敌方施放鬼火技能时，增加20%行动条。","Lv.2效果反弹概率增至12%
Lv.3效果反弹概率增至14%
Lv.4效果反弹概率增至16%
Lv.5效果反弹概率增至20%"
少羽大天狗,9684.2,3484,374.85,122,0.1,0,0,风缠,聚风形成旋转羽刃攻击敌方目标，造成攻击100%伤害。,"Lv.2伤害增加至105%
Lv.3伤害增加至110%
Lv.4伤害增加至115%
Lv.5伤害增加至125%",幼羽,施放技能进行攻击时，若对同一目标重复造成伤害，则技能伤害逐次递增10%。,,羽刃之风,召唤飓风形成羽刃旋涡攻击敌方目标5次，每次造成攻击40%伤害，并根据其他敌方数量，分裂出至多2个小型飓风，随机攻击其他敌方目标，每个造成攻击40%伤害。,"Lv.2伤害增加至42%
Lv.3伤害增加至44%
Lv.4伤害增加至46%
Lv.5伤害增加至50%",,羽刃之风,召唤飓风形成羽刃旋涡攻击敌方目标5次，每次造成攻击40%伤害，并根据其他敌方数量，分裂出至多2个小型飓风，随机攻击其他敌方目标，每个造成攻击40%伤害。,"Lv.2伤害增加至42%
Lv.3伤害增加至44%
Lv.4伤害增加至46%
Lv.5伤害增加至50%"
山兔,10709.48,2894.4,432.18,115,0.08,0,0,谁还不听话,乘着巨大的山蛙跳到敌人面前，趁其不备拿出纸扇狠拍敌方目标，造成攻击100%伤害。,"Lv.2伤害增加至105%
Lv.3伤害增加至110%
Lv.4伤害增加至115%
Lv.5伤害增加至125%",,,,幸运套环,把敌人当做幸运套环的奖品，丢出套环攻击敌方目标，造成攻击237%伤害并有10%基础概率将其变形，持续2回合。,"Lv.2伤害增加至249%
Lv.3伤害增加至261%
Lv.4伤害增加至273%
Lv.5伤害增加至285%",觉醒添加技能,兔子舞,跳起舞为队友鼓劲，使友方全体增加30%行动条，并获得兔子舞，持续2回合。,"Lv.2兔子舞提升攻击效果增至15%
Lv.3兔子舞提升攻击效果增至20%"
山童,10139.88,3001.6,523.908,116,0.08,0,0,碎岩,一把举起沉重的石锤，高高跃起然后重重地砸向敌方目标，造成攻击100%伤害。,"Lv.2伤害增加至105%
Lv.3伤害增加至110%
Lv.4伤害增加至115%
Lv.5伤害增加至120%",怪力,攻击时，8%基础概率使目标眩晕，持续1回合。,,崩山,抄起石锤跳入敌阵，使出怪力猛轰敌方全体3次，每次造成攻击35%伤害。,"Lv.2伤害增加至37%
Lv.3伤害增加至39%
Lv.4伤害增加至41%
Lv.5伤害增加至43%",属性增强:防御加成增加20%,,,
山风,11393,3403.6,388.08,115,0.01,0,0,风,迅速前冲并攻击敌方目标2次，每次造成攻击76%伤害。,"Lv.2伤害增加至80%
Lv.3伤害增加至84%
Lv.4伤害增加至87%
Lv.5伤害增加至95%",烈,当控制效果被驱散或回合结束消失时，增加35%行动条，及获得困兽，持续1回合。,"Lv.2困兽提升攻击效果增至15%
Lv.3困兽提升攻击效果增至20%
Lv.4困兽提升攻击效果增至25%
Lv.5若任一敌方生命比例低于35%，则增加行动条效果增至70%",斩,爆发全身力量攻击敌方目标，接着再攻击另一名生命比例最低的敌方目标，均造成攻击132%伤害且必定暴击，并附加撕裂，造成敌方当前生命值12%+攻击88%间接伤害（不超过自身攻击320%），持续1回合。,"Lv.2伤害增加至139%
Lv.3伤害增加至145%
Lv.4伤害增加至152%
Lv.5撕裂消失后，附加减疗100%，持续1回合",觉醒技能增强,烈,"当控制效果被驱散或回合结束消失时，增加35%行动条，及获得困兽，持续1回合。
造成伤害时，敌方每损失1%生命比例，则该次伤害增加0.5%。","Lv.2困兽提升攻击效果增至15%
Lv.3困兽提升攻击效果增至20%
Lv.4困兽提升攻击效果增至25%
Lv.5若任一敌方生命比例低于35%，则增加行动条效果增至70%"
巫蛊师,10709.48,3055.2,405.72,105,0.08,0.2,0,施蛊,向敌方目标抛出蛊虫，造成攻击100%伤害，对带有蛊蚀的敌方，伤害提升20%。,"Lv.2伤害增加至105%
Lv.3伤害增加至110%
Lv.4伤害增加至115%
Lv.5伤害增加至120%",迷魂蛊,"带有蛊蚀的敌方阵亡时，成为受控制的傀儡一同作战。
傀儡继承巫蛊师20%生命值，30%攻击。","Lv.2继承生命值增至25%
Lv.3继承攻击增至40%
Lv.4继承生命值增至30%
Lv.5继承攻击增至50%",魔蛊毒爆,扔蛊攻击敌方全体，造成攻击109%伤害并有40%基础概率附加蛊蚀，持续3回合。,"Lv.2伤害增加至115%
Lv.3伤害增加至120%
Lv.4伤害增加至125%
Lv.5伤害增加至131%",属性增强:效果命中增加20%,,,
座敷童子,12418.28,2331.6,458.64,102,0.08,0,0,魂之火,释放灵魂火焰攻击敌方目标，造成攻击100%伤害，有50%概率获得1点鬼火。,"Lv.2伤害增加至105%
Lv.3伤害增加至110%
Lv.4伤害增加至115%
Lv.5伤害增加至120%",,,,,,,觉醒添加技能,福运昌隆,先机：获得1点鬼火。,"Lv.2获得鬼火增至2
Lv.3获得鬼火增至3"
弈,9912.04,3001.6,445.41,106,0.08,0,0,征子,向敌方目标投出当前持有的棋子，造成攻击100%伤害。,"Lv.2伤害增加至105%
Lv.3伤害增加至110%
Lv.4伤害增加至115%
Lv.5伤害增加至120%",气合,"交替持有黑子、白子，造成伤害时有100%基础概率为敌方附加1层所持棋子，上限4层。达上限时，优先覆盖不同色棋子。
带有棋子的敌方在其回合结束时，若该回合没消耗鬼火，随机移除1层棋子。",,神之一手,投出棋子攻击9次，首次攻击敌方目标，余下次数攻击随机敌方，每次造成攻击42%伤害。,"Lv.2伤害增加至44%
Lv.3伤害增加至46%
Lv.4伤害增加至48%
Lv.5伤害增加至51%",觉醒技能增强,气合,"交替持有黑子、白子，造成伤害时有100%基础概率为敌方附加1层所持棋子，上限4层。达上限时，优先覆盖不同色棋子。
当敌方被附加4层同色棋子，对其造成攻击600%伤害。
带有棋子的敌方在其回合结束时，若该回合没消耗鬼火，随机移除1层棋子。",
彼岸花,11393,3001.6,388.08,107,0.08,0,0,死亡之花,用殷红的花瓣攻击敌方目标，造成攻击100%伤害。,"Lv.2伤害增加至105%
Lv.3伤害增加至110%
Lv.4伤害增加至115%
Lv.5伤害增加至125%",赤团华,"唯一效果。
花海中的敌方，在回合开始时，每层花海对其造成攻击39%伤害。
自身生命比例100%、75%、50%、25%时，花海上限为3、4、5、6层；回合开始时自动减少1层花海，最少不低于1层。
生命比例每降低25%，获得1层花海及『血之花海』的护盾。
先机：创造3层花海，包围敌方全体。","Lv.2每层花海伤害增加至41%
Lv.3每层花海伤害增加至43%
Lv.4每层花海伤害增加至45%
Lv.5每层花海伤害增加至48%",血之花海,"获得2层花海。
若生命比例低于75%，获得不可驱散的护盾，能吸收20%已损失生命的伤害，持续2回合。","Lv.2护盾吸收量增至已损失生命的22%
Lv.3护盾吸收量增至已损失生命的24%
Lv.4护盾吸收量增至已损失生命的26%
Lv.5护盾吸收量增至已损失生命的28%",觉醒技能增强,血之花海,"获得2层花海，若生命比例低于50%，再获得1层花海。
若生命比例低于75%，获得不可驱散的护盾，能吸收20%已损失生命的伤害，持续2回合。","Lv.2护盾吸收量增至已损失生命的22%
Lv.3护盾吸收量增至已损失生命的24%
Lv.4护盾吸收量增至已损失生命的26%
Lv.5护盾吸收量增至已损失生命的28%"
御馔津,12646.12,3001.6,449.82,119,0.05,0,0,一矢,"攻击敌方目标，造成攻击80%伤害。
敌方行动后，有5%概率对其施放『一矢·封魔』，造成等同『一矢』伤害，并有100%基础概率使其沉默、封印、压制、减疗75%，且不触发其御魂及被动。","Lv.2伤害增加至84%
Lv.3伤害增加至88%
Lv.4伤害增加至92%
Lv.5伤害增加至100%",狐狩界,创造存在1回合的结界，使『一矢·封魔』的施放概率提升至40%，且在施放时将获得4层灵符，上限12层。,,燃爆·破魔箭,引燃全部灵符攻击敌方目标，造成攻击195%伤害，并消耗所有灵符层数，每层额外提升该次伤害20%。,"Lv.2每层提升伤害增至21%
Lv.3每层提升伤害增至22%
Lv.4每层提升伤害增至23%
Lv.5每层提升伤害增至25%",觉醒技能增强,狐狩界,"创造存在1回合的结界，使『一矢·封魔』的施放概率提升至40%，且在施放时将获得4层灵符，上限12层。
先机：施放『狐狩界』",
惠比寿,12873.96,2358.4,436.59,107,0.1,0,0,赐福,挥动笏板使用流光击打敌方目标，造成攻击100%伤害。,"Lv.2伤害增加至105%
Lv.3伤害增加至110%
Lv.4伤害增加至115%
Lv.5伤害增加至125%",,,,鲤鱼旗,"召唤鲤鱼旗。友方行动前，鲤鱼旗为其治疗，治疗等同鲤鱼旗生命上限40%的生命。
鲤鱼旗继承惠比寿40%生命值，免疫减益状态和控制效果。","Lv.2鲤鱼旗行动时，随机选择2个友方带有的减益状态或控制效果，将其驱散。
Lv.3继承生命值增至50%
Lv.4继承生命值增至60%",觉醒添加技能,转祸为福,受到攻击时，有20%概率回复1点鬼火。,"Lv.2触发概率增至25%
Lv.3触发概率增至30%"
数珠,11051.24,2251.2,485.1,111,0.03,0,0.25,降魔杖,用降魔杖轰出冲击波来攻击敌方目标，造成攻击100%伤害并有100%基础概率附加降魔，持续2回合。,"Lv.2伤害增加至105%
Lv.3伤害增加至110%
Lv.4伤害增加至115%
Lv.5伤害增加至125%",轮回,"敌方每次行动，若自身未处于无法动作，获得1颗佛珠。
累计6颗时，消耗全部的佛珠来对敌方全体造成攻击136%伤害，并有30%概率击退30%行动条。
『禅意』打坐期间，没有佛珠时将立即获得1颗佛珠。","Lv.2伤害增加至143%
Lv.3击退行动条增至40%
Lv.4伤害增加至150%
Lv.5击退行动条增至50%",禅意,打坐2回合，此期间友方在回合开始前，有40%概率（每颗佛珠额外提升10%）驱散1个减益状态或控制效果，并消耗1颗佛珠来增加30%行动条。每个成功驱散可为其治疗生命上限3%的生命。,"Lv.2治疗增至4%
Lv.3驱散个数增至2个
Lv.4治疗增至5%
Lv.5驱散个数增至3个",属性增强:效果抵抗增加25%,,,
於菊虫,11962.6,2948,374.85,109,0.05,0,0,吐丝,向敌方目标喷射毒液，造成攻击60%伤害并有100%基础概率附加1级中毒，持续2回合。,"Lv.2伤害增加至66%
Lv.3附加中毒增至2级
Lv.4伤害增加至72%
Lv.5附加中毒增至3级",破茧,喷射毒液造成伤害时，若目标带有中毒，则随机引爆其中1个，并造成攻击8%×该中毒等级的间接伤害。,"Lv.2间接伤害伤害增至12%
Lv.3引爆后，100%基础概率再附加1个提升1级的中毒，持续1回合
Lv.4间接伤害伤害增至16%
Lv.5引爆后再附加的中毒，增至2回合",虫之毒,连续喷射毒液攻击5次，每次对随机敌方目标造成攻击30%伤害，优先攻击未攻击过的敌方，并有100%基础概率附加2级中毒，持续2回合。,"Lv.2附加中毒增至3级
Lv.3伤害增加至36%
Lv.4攻击次数增至6次
Lv.5消耗鬼火减少1点",觉醒技能增强,虫之毒,凝视一个敌方目标，然后连续喷射毒液攻击5次，每次对随机敌方目标造成攻击30%伤害，优先攻击未攻击过的敌方，并有100%基础概率附加2级中毒，持续2回合。然后对凝视目标造成攻击72%伤害，并将攻击过程中引爆的其他单位的中毒复制，100%基础概率附加给凝视目标，持续2回合。,"Lv.2附加中毒增至3级
Lv.3伤害增加至36%
Lv.4攻击次数增至6次
Lv.5消耗鬼火减少1点"
日和坊,14013.16,2358.4,392.49,112,0.05,0,0,阳炎,将日光的能量凝聚洒向敌方目标，造成攻击100%伤害。,"Lv.2伤害增加至105%
Lv.3伤害增加至110%
Lv.4伤害增加至115%
Lv.5伤害增加至125%",晴雨,"使用晴天娃娃来帮助友方，可以存储日光能量至晴天娃娃中，存储上限等同日和坊生命上限。
友方受到伤害时，存储等同25%伤害的日光能量。
敌方行动结束时，消耗存储的日光能量来治疗生命最低的友方目标，最多治疗其30%已损失的生命。",,滋养,"友方阵亡时，若自身被动技能未失效，牺牲晴天娃娃来复活随机1名阵亡的友方式神，为其治疗生命上限100%的生命，并将50%日光能量均分治疗友方全体。晴天娃娃在4回合后重生，多个日和坊在场时，将牺牲所有晴天娃娃。
【施放】存储等同自身生命上限25%的日光能量。","Lv.2均分治疗增至75%日光能量
Lv.3施放时存储的日光能量增至40%
Lv.4均分治疗增至100%日光能量
Lv.5晴天娃娃重生回合数减1",觉醒技能增强,晴雨,"使用晴天娃娃来帮助友方，可以存储日光能量至晴天娃娃中，存储上限等同日和坊生命上限。
友方受到伤害、敌方获得治疗时，存储等同25%伤害或20%治疗的日光能量。
敌方行动结束时，消耗存储的日光能量来治疗生命最低的友方目标，最多治疗其30%已损失的生命。",
杀生丸,10025.96,3323.2,388.08,118,0.12,0,0,毒华爪,使用毒华爪攻击敌方目标，造成攻击100%伤害并有100%基础概率降低20%防御，持续1回合。,"Lv.2伤害增加至105%
Lv.3伤害增加至110%
Lv.4伤害增加至115%
Lv.5伤害增加至125%",天生牙结界,受到伤害时，抵挡其中的30%，最多不超过已损失生命的40%。,,冥道残月破,挥出一道冥道残月，对敌方全体造成攻击150%伤害，并有100%基础概率附加破碎印记，持续2回合。,"Lv.2伤害增加至158%
Lv.3伤害增加至166%
Lv.4伤害增加至174%
Lv.5伤害增加至182%",觉醒技能增强,天生牙结界,"受到伤害时，抵挡其中的30%，最多不超过已损失生命的40%。
受到致命伤害时，抵挡该次伤害并获得无敌直到下个回合开始，当无敌结束时，承受复生虚弱，持续1回合；每回目仅触发1次，并在触发后获得30%吸血直到回目结束。
无敌时，无法行动。",
桃花妖,12532.3,2385.2,489.51,100,0.05,0,0,花舞,舞动的花瓣结成花之印攻击敌方目标，造成攻击100%伤害,"Lv.2伤害增加至105%
Lv.3伤害增加至110%
Lv.4伤害增加至115%
Lv.5伤害增加至125%",花之馨息,为友方目标治疗生命上限20%的生命，暴击时，对其他友方治疗等同本次治疗量30%的生命。,"Lv.2治疗增至21%
Lv.3治疗增至22%
Lv.4治疗增至23%
Lv.5治疗增至25%",桃华灼灼,复活阵亡的友方目标，并为其治疗生命上限20%的生命。,"Lv.2治疗增至21%
Lv.3治疗增至22%
Lv.4治疗增至23%
Lv.5治疗增至25%",属性增强:生命加成增加10%,,,
桔梗,10595.56,3108.8,401.31,115,0.1,0,0,灵力迸发,闪现并推出灵力攻击敌方目标，造成攻击80%伤害并有50%概率驱散1个增益状态。,"Lv.2伤害增加至85%
Lv.3伤害增加至90%
Lv.4伤害增加至95%
Lv.5伤害增加至100%，驱散概率增至100%",灵魂结界,回合结束后，释放灵魂结界防御自身，能吸收攻击100％的伤害。,,破魔之箭,向敌方目标射出圣属性的强力箭矢，造成攻击263%伤害，并有100%基础概率附加破魔，持续2回合；对带有破魔的敌方，伤害提升100%。,"Lv.2伤害增加至276%
Lv.3伤害增加至289%
Lv.4伤害增加至302%
Lv.5若破魔被驱散，则为目标附加四魂封印，将使式神所配戴御魂效果、被动技能失效，持续2回合",觉醒技能增强,灵魂结界,回合结束后，释放灵魂结界防御自身，能吸收攻击100％的伤害。灵魂结界被击破时，提升30%攻击，持续1回合。,
椒图,12304.36,2304.8,467.46,117,0.05,0,0,水花弹,摆动尾巴，拨动周围的水气，形成水花弹攻击敌方目标，造成攻击100%伤害并有30%基础概率附加水流缠绕，持续2回合。,"Lv.2伤害增加至105%
Lv.3伤害增加至110%
Lv.4伤害增加至115%
Lv.5伤害增加至125%",润物无声,受到伤害时，友方全体各有50%概率获得滋养，持续2回合。,"Lv.2滋养提升暴击伤害效果增至10%
Lv.3滋养提升暴击伤害效果增至15%
Lv.4滋养提升暴击伤害效果增至20%",涓流,"使友方全体获得生命链接，持续1回合。
分担的伤害类型被视为传导伤害。","Lv.2持续回合增至2
Lv.3生命链接额外提供减伤5%",觉醒技能增强,涓流,"使友方全体获得生命链接，使其在行动后，治疗其生命上限5%的生命，持续1回合。
分担的伤害类型被视为传导伤害。","Lv.2持续回合增至2
Lv.3生命链接额外提供减伤5%"
樱花妖,13785.32,2385.2,396.9,99,0.03,0,0,樱落,使用花瓣攻击敌方目标，造成攻击100%伤害。,"Lv.2伤害增加至105%
Lv.3伤害增加至110%
Lv.4伤害增加至115%
Lv.5伤害增加至125%",复苏,"唯一效果。
若未受变形效果影响，则其他友方行动结束后，为其治疗生命上限6%的生命；若为回合结束后，则改为为其治疗生命上限9%生命，并同时樱花妖治疗自身生命上限4%生命。
【施放】获得1层复苏之舞，上限4层，持续4回合。","Lv.2回合结束时治疗效果增至10%
Lv.3复苏之舞治疗效果提升增至25%
Lv.4回合结束时治疗效果增至11%
Lv.5消耗鬼火降至2点",樱吹雪,降下落樱攻击敌方全体，对每个敌方驱散3个增益状态，并且50%基础概率减疗50%，持续2回合；同时附加落樱，造成生命上限7%间接伤害（不超过樱花妖攻击325%），持续2回合。,"Lv.2落樱间接伤害增至生命上限11%
Lv.3落樱间接伤害增至生命上限15%
Lv.4减疗效果不可驱散
Lv.5若没有驱散任何增益，返还1点鬼火",觉醒技能增强,樱吹雪,降下落樱攻击敌方全体，对每个敌方驱散3个增益状态，并且100%基础概率减疗50%，持续2回合；同时附加落樱，造成生命上限7%间接伤害（不超过樱花妖攻击325%），持续2回合。,"Lv.2落樱间接伤害增至生命上限11%
Lv.3落樱间接伤害增至生命上限15%
Lv.4减疗效果不可驱散
Lv.5若没有驱散任何增益，返还1点鬼火"
武士之灵,10481.64,3028.4,418.95,110,0.08,0,0,武士之心,即使已经失去了身体、失去了武器，武士之灵还是挥起了拳头，攻击敌方目标，造成攻击100%伤害。,"Lv.2伤害增加至105%
Lv.3伤害增加至110%
Lv.4伤害增加至115%
Lv.5伤害增加至125%",,,,不甘之怒,释放不甘的怨念，攻击敌方全体，造成攻击108%伤害并有100%基础概率附加亡魂附身，持续3回合。,"Lv.2伤害增至114%，亡魂附身间接伤害增至57%
Lv.3伤害增至119%，亡魂附身间接伤害增至60%
Lv.4伤害增至125%，亡魂附身间接伤害增至63%
Lv.5伤害增至130%，亡魂附身间接伤害增至65%",觉醒添加技能,灭魂,带有亡魂附身的目标，降低10%效果命中。,"Lv.2降低效果命中效果，增至20%
Lv.3降低效果命中效果，增至30%
Lv.4降低效果命中效果，增至40%
Lv.5亡魂附身被驱散时，目标削减1点鬼火"
河童,10139.88,3028.4,432.18,113,0.05,0,0,水流弹,将水流压缩成水弹攻击敌方目标，造成攻击75%伤害。,"Lv.2伤害增加至79%
Lv.3伤害增加至83%
Lv.4伤害增加至87%
Lv.5伤害增加至91%",清流,清流的滋润使妖力提升。回合结束时，获得1层滋润，上限4层。,"Lv.2滋润提升攻击效果增至20%
Lv.3滋润提升攻击效果增至25%
Lv.4滋润提升攻击效果增至30%",大河之歌,以大河之水形成的巨大水弹攻击敌方全体，造成攻击96%伤害。,"Lv.2伤害增加至100%
Lv.3伤害增加至104%
Lv.4伤害增加至108%
Lv.5伤害增加至112%",觉醒技能增强,大河之歌,以大河之水形成的巨大水弹攻击敌方全体，造成攻击96%伤害，对生命比例低于40%的敌方额外造成20%伤害。,"Lv.2伤害增加至100%
Lv.3伤害增加至104%
Lv.4伤害增加至108%
Lv.5伤害增加至112%"
海坊主,10139.88,3055.2,427.77,109,0.05,0,0,水龙卷,以妖力升腾身边的水流，形成水流龙卷攻击敌方目标，造成攻击100%伤害。,"Lv.2伤害增加至105%
Lv.3伤害增加至110%
Lv.4伤害增加至115%
Lv.5伤害增加至125%",祝福之水,"使用技能或普攻造成伤害时，为生命比例最低的友方治疗，治疗等同该次伤害60%的生命。
在一次行动内重复治疗同个目标时，治疗依次递减15%。",,巨浪,用妖力汇聚身边的水流，形成波涛汹涌的巨大海浪席卷敌方全体，攻击3次，每次造成攻击33%伤害。,"Lv.2伤害增加至36%
Lv.3伤害增加至39%
Lv.4伤害增加至42%
Lv.5伤害增加至45%",觉醒技能增强,祝福之水,"使用技能或普攻造成伤害时，为生命比例最低的友方治疗，治疗等同该次伤害100%的生命。
在一次行动内重复治疗同个目标时，治疗依次递减15%。",
清姬,11848.68,2412,467.46,105,0.05,0,0,蛇行击,鞭打敌方目标，造成攻击86%伤害，并有100%基础概率附加3级中毒，持续5回合；然后对其附加焚火，造成攻击22%间接伤害，持续1回合。,"Lv.2伤害增加至90%
Lv.3伤害增加至94%
Lv.4伤害增加至98%
Lv.5伤害增加至102%
Lv.6间接伤害增至33%",淬毒,"每当目标被清姬附加中毒时，同时降低其10点防御力，上限降低150点防御力，直到战斗结束。
多个清姬在场时，共用上限。",,焚身之火,喷吐火焰攻击敌方全体3次，每次造成攻击36%伤害，并有100%基础概率附加3级中毒，持续5回合；然后对敌方全体附加焚火，造成攻击66%间接伤害，持续1回合。,"Lv.2伤害增加至38%
Lv.3伤害增加至40%
Lv.4伤害增加至42%
Lv.5间接伤害增至99%",觉醒技能增强,淬毒,"每当目标被清姬附加中毒时，同时降低其20点防御力，上限降低300点防御力，直到战斗结束。
多个清姬在场时，共用上限。",
炼狱茨木童子,9228.52,3055.2,339.57,102,0.15,0,0,鬼爪,挥动鬼爪猛烈攻击敌方目标，造成攻击100%伤害。,"Lv.2伤害增加至105%
Lv.3伤害增加至110%
Lv.4伤害增加至115%
Lv.5伤害增加至125%",狂意,当『炼狱之门』的鬼焰将攻击超过1名敌方时，每有1个额外敌方可使鬼焰提升10%伤害，上限20%。,"Lv.2上限增至30%
Lv.3上限增至40%
Lv.4上限增至50%
Lv.5若鬼焰击杀非召唤物的敌方，其后鬼手的攻击将额外附加一段伤害，等同先前鬼焰过量伤害的总和",炼狱之门,"催动强劲的妖力，打开炼狱之门，号令汹涌而出的鬼焰对敌方全体造成攻击131%伤害，然后召唤出巨大的鬼手粉碎敌方目标，造成攻击131%伤害。
若所选目标被鬼焰击杀，鬼手会攻击生命最高的敌方。","Lv.2鬼焰和鬼手伤害增加至138%
Lv.3鬼焰和鬼手伤害增加至145%
Lv.4鬼焰和鬼手伤害增加至151%
Lv.5鬼焰和鬼手伤害增加至164%",,炼狱之门,"催动强劲的妖力，打开炼狱之门，号令汹涌而出的鬼焰对敌方全体造成攻击131%伤害，然后召唤出巨大的鬼手粉碎敌方目标，造成攻击131%伤害。
若所选目标被鬼焰击杀，鬼手会攻击生命最高的敌方。","Lv.2鬼焰和鬼手伤害增加至138%
Lv.3鬼焰和鬼手伤害增加至145%
Lv.4鬼焰和鬼手伤害增加至151%
Lv.5鬼焰和鬼手伤害增加至164%"
烟烟罗,10595.56,3162.4,392.49,112,0.05,0,0,蹂躏,将烟雾小鬼踢向敌方目标，烟雾小鬼爆炸造成攻击100%伤害。,"Lv.2伤害增加至105%
Lv.3伤害增加至110%
Lv.4伤害增加至115%
Lv.5伤害增加至125%",扑朔迷离,受到伤害时，有30%概率使该次伤害降低20%。,"Lv.2触发概率增至35%
Lv.3降低伤害效果，增至25%
Lv.4触发概率增至40%
Lv.5降低伤害效果，增至30%",烟之鬼,酣畅攻击敌方目标5次，每次造成攻击19%伤害，最后对敌方全体造成攻击44%伤害；前5次攻击的每次暴击，都会使最后的伤害提升30%。,"Lv.2前5次伤害增至20%，最后全体伤害增至46%
Lv.3前5次伤害增至21%，最后全体伤害增至48%
Lv.4前5次伤害增至22%，最后全体伤害增至51%
Lv.5前5次伤害增至23%，最后全体伤害增至53%",觉醒技能增强,扑朔迷离,"受到伤害时，有30%概率使该次伤害降低20%。
攻击时，有10%基础概率将敌方变形为烟雾小鬼，持续1回合。","Lv.2触发概率增至35%
Lv.3降低伤害效果，增至25%
Lv.4触发概率增至40%
Lv.5降低伤害效果，增至30%"
犬夜叉,11393,2974.8,392.49,114,0.1,0,0,风之伤,"挥动铁碎牙打出蕴含风之力的强力一击攻击敌方目标，造成攻击100%伤害，并使自身有10%概率获得1层风劲，上限5层。
回合结束后，获得1层风劲。","Lv.2伤害增加至105%
Lv.3伤害增加至110%
Lv.4伤害增加至115%
Lv.5伤害增加至125%",爆流破,当敌方消耗鬼火后，若自身未承受控制效果，有10%概率（每层风劲额外提升16%）对其进行反击，造成攻击176%伤害并消耗所有风劲层数，每层额外提升该次伤害10%。,,铁碎牙,使出全力挥舞铁碎牙释放多重刀气，攻击7次，每次对随机敌方目标造成攻击40%伤害，并有80%的概率额外攻击一个随机敌方目标。,"Lv.2伤害增加至42%
Lv.3伤害增加至44%
Lv.4伤害增加至46%
Lv.5伤害增加至50%",觉醒技能增强,爆流破,"当敌方消耗鬼火后，若自身未承受控制效果，有10%概率（每层风劲额外提升16%）对其进行反击，造成攻击176%伤害并消耗所有风劲层数，每层额外提升该次伤害10%。
每次触发后，都将使""铁碎牙""得到进化，依序为血红铁碎牙、金刚铁碎牙、龙鳞铁碎牙、漆黑铁碎牙。",
犬神,10253.8,3001.6,432.18,109,0.1,0,0,心斩,使出独创剑法，依照心中的觉悟挥剑，迅速斩向敌方目标，造成攻击100%伤害。,"Lv.2伤害增加至105%
Lv.3伤害增加至110%
Lv.4伤害增加至115%
Lv.5伤害增加至125%",,,,心剑乱舞,"疾速冲锋至敌阵使出心剑，攻击5次，优先攻击没攻击过的敌方目标，每次造成攻击92%伤害。
重复攻击同一目标时，伤害依次递减50%。","Lv.2伤害增加至96%
Lv.3伤害增加至100%
Lv.4伤害增加至104%
Lv.5伤害增加至108%",觉醒添加技能,守护,"唯一效果。
战斗开始及回合结束时，使半数友方（向下取整，生命比例低优先）获得守护印记。
每次触发守护印记的反击后，能使自身提升攻击（等同受反击敌方30%攻击），最多提升至基础攻击210%，直到下个回合结束。","Lv.2反击伤害增加至115%
Lv.3反击伤害增加至120%
Lv.4反击伤害增加至125%
Lv.5反击伤害增加至135%"
独眼小僧,11734.76,2519.2,454.23,118,0.08,0,0,投石,把日夜努力锻炼出的扔石子技术用于攻击敌方目标，造成攻击100%伤害。,"Lv.2伤害增加至105%
Lv.3伤害增加至110%
Lv.4伤害增加至115%
Lv.5伤害增加至125%",,,,石像冲击,往前冲锋，以石菩萨猛击敌方目标，造成攻击163%伤害，并有25%基础概率使其眩晕，持续1回合。,"Lv.2伤害增加至171%
Lv.3伤害增加至179%
Lv.4伤害增加至187%
Lv.5伤害增加至195%",觉醒添加技能,金刚经,受到伤害时，使友方全体获得金刚经，持续1回合。,"Lv.2金刚经提升效果抵抗效果增至15%
Lv.3金刚经反伤效果增至15%
Lv.4金刚经提升效果抵抗效果增至20%
Lv.5金刚经反伤效果增至20%"
狸猫,12873.96,2358.4,436.59,109,0.08,0,0,妖酒壶,用酒壶狠狠地砸敌方目标的脑门，造成攻击100%伤害并附加1层酒气，上限5层，持续至战斗结束。此外还有50%基础概率对其挑衅，持续1回合。,"Lv.2伤害增加至105%
Lv.3伤害增加至110%
Lv.4伤害增加至115%
Lv.5伤害增加至120%",醉倒,"回合结束时，有20%概率醉倒，直至下回合醒来并治疗生命上限6%的生命。
醉倒时若被攻击，有50%概率被吵醒，并为攻击者附上1层酒气，上限5层，持续至战斗结束。","Lv.2治疗增至8%
Lv.3被吵醒时，将增加自身30%行动条
Lv.4醉倒概率增至40%
Lv.5被吵醒时，改为对敌方全体附上1层酒气",烈焰之酒,喝下一口妖酒，治疗生命上限18%的生命，再喷出妖火攻击敌方全体，造成等同自身当前生命12%伤害。,"Lv.2伤害增加至14%
Lv.3伤害增加至16%
Lv.4伤害增加至18%
Lv.5伤害增加至20%",觉醒技能增强,烈焰之酒,喝下一口妖酒，治疗生命上限18%的生命，再喷出妖火攻击敌方全体，造成等同自身当前生命12%伤害，敌方每带有1层酒气，便转为1层酒火，造成自身生命上限5%间接伤害，持续1回合。,"Lv.2伤害增加至14%
Lv.3伤害增加至16%
Lv.4伤害增加至18%
Lv.5伤害增加至20%"
猫掌柜,10709.48,3001.6,414.54,118,0.1,0,0,猫猫召来,"攻击敌方目标造成攻击80%伤害，并随机呼唤以下其中一只小猫助攻。
黑之助：60%概率削减1点鬼火
雪姬：造成攻击40%伤害
茶茶：击退20%行动条","Lv.2伤害增加至84%
Lv.3伤害增加至88%
Lv.4伤害增加至92%
Lv.5伤害增加至100%",猫合战,注入妖力让橘乃变大并骑乘2回合，期间提升20点速度，且每次呼唤小猫改为其中两只。,,猫猫乱斗,攻击敌方目标5次，每次造成攻击42%伤害，并随机呼唤『猫猫召来』所列其中一只小猫助攻。,"Lv.2伤害增加至44%
Lv.3伤害增加至46%
Lv.4伤害增加至48%
Lv.5伤害增加至50%",觉醒技能增强,猫合战,注入妖力让橘乃变大并骑乘2回合，期间提升20点速度、40%效果抵抗，且每次呼唤小猫改为其中两只。,
玉藻前,12532.2,3350,352.8,110,0.12,0,0,灵击,使用灵气攻击敌方目标，造成攻击100%伤害并有10%基础概率使其混乱1回合。,"Lv.2伤害增加至105%
Lv.3伤害增加至110%
Lv.4伤害增加至115%
Lv.5伤害增加至125%",狐火,凝聚狐火攻击敌方目标，造成攻击263%伤害；对生命比例高于80%的敌方，伤害降低15%。,"Lv.2伤害增加至276%
Lv.3对生命比例低于50%的敌方，伤害提升15%
Lv.4伤害增加至289%
Lv.5若击杀敌方，接着免消耗施放1次『堕天』",堕天,爆发自身力量攻击敌方全体，造成攻击131%伤害；对生命比例低于50%的敌方，伤害降低15%。,"Lv.2伤害增加至138%
Lv.3对生命比例高于80%的敌方，伤害提升15%
Lv.4伤害增加至145%
Lv.5若击杀敌方，接着对生命比例最低的敌方，免消耗施放1次『狐火』",属性增强:忽略防御增加100,,,
白狼,10823.4,3082,396.9,112,0.1,0,0,文射,射出注入了妖力的箭矢攻击敌方目标，造成攻击100%伤害。,"Lv.2伤害增加至105%
Lv.3伤害增加至110%
Lv.4伤害增加至115%
Lv.5伤害增加至125%",冥想,行动结束时，30%概率进入冥想姿态，在下个回合开始时，提升20%暴击伤害，持续1回合。,,无我,进入无我之境，射出注入全部妖力的箭矢，使此次攻击提升30%暴击，对敌方目标造成攻击237%伤害。,"Lv.2伤害增加至249%
Lv.3伤害增加至261%
Lv.4伤害增加至273%
Lv.5伤害增加至285%",觉醒技能增强,无我,"进入无我之境，射出注入全部妖力的箭矢，使此次攻击提升30%暴击，对敌方目标造成攻击237%伤害。
若击杀敌方，使自身增加60%行动条。","Lv.2伤害增加至249%
Lv.3伤害增加至261%
Lv.4伤害增加至273%
Lv.5伤害增加至285%"
白童子,10481.64,3189.2,392.49,113,0.05,0,0,罪罚·白,还不熟练地使用鬼火攻击敌方目标，造成攻击100%伤害。,"Lv.2伤害增加至105%
Lv.3伤害增加至110%
Lv.4伤害增加至115%
Lv.5伤害增加至125%",,,,招魂,"使用巨化小鬼攻击敌方全体，造成攻击106%伤害。使友方全体获得白之护，维持1回合。在所有阵亡目标的位置召唤其魂魄，魂魄只能普攻，存在1回合。
魂魄继承该位置目标100%攻击，在被召唤时立即普攻随机敌方目标。","Lv.2伤害增加至111%
Lv.3伤害增加至116%
Lv.4伤害增加至121%
Lv.5伤害增加至126%",觉醒添加技能,不灭,敌方式神阵亡时，使用普攻攻击随机敌方目标。,
白藏主,14241,1822.4,471.87,111,0.05,0,0,炎影,对敌方目标造成攻击100%伤害，并有100%基础概率附加残炎，持续1回合。,"Lv.2伤害增加至105%
Lv.3伤害增加至110%
Lv.4伤害增加至115%
Lv.5伤害增加至125%",守护誓约,"唯一效果。
回合结束后，使其他友方获得狐影·守，维持至下个回合开始。","Lv.2狐影·守吸收效果增至30%
Lv.3狐影·守被击破时，若白藏主未受到控制，则反击伤害来源，造成生命上限10%伤害，并有100%基础概率使其降低30%暴击，持续1回合（该效果不可叠加）；多个狐影·守同时被击破时，伤害不累加
Lv.4狐影·守吸收效果增至40%
Lv.5自身永久提升60点速度、60%效果抵抗，每个友方拥有的狐影·守，使此效果降低10点速度和10%效果抵抗",梦山狐影,开启存在1回合的狐影结界，任何友方受到单体伤害和间接伤害时，使该次伤害降低35%。,"Lv.2伤害降低增至40%
Lv.3伤害降低增至45%
Lv.4伤害降低增至50%
Lv.5存在时间增至2回合",觉醒技能增强,梦山狐影,"开启存在1回合的狐影结界，任何友方受到单体伤害和间接伤害时，使该次伤害降低35%。
在每个回合（不论敌我）开始时，选定生命比例最低的友方目标，若自身未承受控制效果，则可在该回合内代替该友方承受所有伤害。","Lv.2伤害降低增至40%
Lv.3伤害降低增至45%
Lv.4伤害降低增至50%
Lv.5存在时间增至2回合"
百目鬼,9456.36,2733.6,507.15,118,0.03,0,0,瞳炎,释放瞳炎攻击敌方目标，造成攻击100%伤害；若目标处于凝视状态，则使状态延长1回合。,"Lv.2伤害增加至105%
Lv.3伤害增加至110%
Lv.4伤害增加至115%
Lv.5伤害增加至120%",鬼眸,当敌方造成伤害暴击时，百目鬼有40%概率睁开一只鬼眸；当睁开5只鬼眸时，将免消耗施放『诅咒之眼』，之后闭上所有鬼眸。,"Lv.2触发概率增至50%
Lv.3触发概率增至60%
Lv.4触发概率增至70%
Lv.5触发概率增至80%",诅咒之眼,用摄人心魄的鬼眼凝视敌方全体，100%基础概率为其附加凝视状态，持续1回合，使敌方所有主动技能被替换为邪光。,"Lv.2邪光伤害增加至222%
Lv.3邪光伤害增加至233%
Lv.4邪光伤害增加至244%
Lv.5消耗鬼火减少1点",觉醒技能增强,诅咒之眼,用摄人心魄的鬼眼凝视敌方全体，100%基础概率为其附加凝视状态，持续1回合，使敌方所有主动技能被替换为邪光，施放时需消耗3点鬼火。,"Lv.2邪光伤害增加至222%
Lv.3邪光伤害增加至233%
Lv.4邪光伤害增加至244%
Lv.5消耗鬼火减少1点"
稻荷神御馔津,10253.8,2787.2,436.59,99,0.1,0,0,狐铃,摇响赐福的铃铛，派出随机1只狐狸攻击敌方目标，造成攻击80%伤害，并有50%基础概率为其附加沉默、封印、压制、减疗50%其中之一，持续1回合。,"Lv.2伤害增加至85%
Lv.3伤害增加至90%
Lv.4伤害增加至95%
Lv.5基础概率增至100%",狐狩·日曜界,"创造存在1回合的日曜结界，此期间，友方全体提升20点速度、20%效果抵抗。
每当友方回合结束后，使行动条最前端的另一友方增加20%行动条。","Lv.2友方增加行动条时，40%概率驱散其带有的1个减益状态或控制效果
Lv.3驱散概率增至80%
Lv.4驱散数量增至2个
Lv.5增加行动条效果增至25%",狐狩·月影界,"创造存在1回合的月影结界，此期间，友方全体提升20%攻击、20%防御。
敌方回合结束后，使用『狐铃』攻击该敌方，不触发其御魂及被动，并且附带的减益效果持续时间增至2回合。","Lv.2提升攻击、防御效果增至25%
Lv.3结界期间，自身额外提升30点速度、30%效果抵抗
Lv.4提升攻击、防御效果增至30%
Lv.5先机：施放『狐狩·月影界』",,狐狩·月影界,"创造存在1回合的月影结界，此期间，友方全体提升20%攻击、20%防御。
敌方回合结束后，使用『狐铃』攻击该敌方，不触发其御魂及被动，并且附带的减益效果持续时间增至2回合。","Lv.2提升攻击、防御效果增至25%
Lv.3结界期间，自身额外提升30点速度、30%效果抵抗
Lv.4提升攻击、防御效果增至30%
Lv.5先机：施放『狐狩·月影界』"
童女,12987.88,2412,423.36,109,0.05,0,0,羽刺,以妖力硬化自身的羽毛射向敌方目标，造成攻击100%伤害，并获得羽护，持续1回合。,"Lv.2伤害增加至105%
Lv.3伤害增加至110%
Lv.4伤害增加至115%
Lv.5伤害增加至120%",羽衣,受到伤害时，抵挡等同生命上限3%的伤害，最多抵挡该次伤害的40%。,"Lv.2抵挡比例增至3.5%
Lv.3抵挡比例增至4%
Lv.4抵挡比例增至4.5%
Lv.5抵挡比例增至5%",命之祭献,"牺牲30%当前生命，为除自身外的友方全体治疗生命上限10%生命。
若自身生命比例低于30%，同时治疗自身。","Lv.2治疗增至15%
Lv.3治疗增至20%
Lv.4牺牲生命减至20%",觉醒技能增强,命之祭献,"牺牲30%当前生命，为除自身外的友方全体治疗生命上限10%生命并获得命之护佑，持续1回合。
若自身生命比例低于30%，同时治疗自身及获得命之护佑。","Lv.2生命恢复额外+50%
Lv.3生命恢复额外+50%
Lv.4消耗的生命比例降低为20%"
童男,12760.04,2438.8,427.77,103,0.05,0,0,羽刃,以妖力硬化自身的羽毛射向敌方目标，造成攻击100%伤害并有100%基础概率附加障目，持续2回合。,"Lv.2伤害增加至105%
Lv.3伤害增加至110%
Lv.4伤害增加至115%
Lv.5伤害增加至125%",羽衣,受到伤害时，抵挡等同生命上限3%的伤害，最多抵挡该次伤害的40%。,"Lv.2抵挡比例增至3.5%
Lv.3抵挡比例增至4%
Lv.4抵挡比例增至4.5%
Lv.5抵挡比例增至5%",魂之祭献,牺牲自身，复活除自身外的友方全体，并为其治疗生命上限30%生命。,,觉醒技能增强,魂之祭献,牺牲自身，复活除自身外的友方全体，并为其治疗生命上限30%生命及增加30%行动条。,
管狐,10595.56,3001.6,418.95,108,0.1,0,0,竹管投掷,旋转竹管并狠狠扔向敌方目标，造成攻击100%伤害。,"Lv.2伤害增加至105%
Lv.3伤害增加至110%
Lv.4伤害增加至115%
Lv.5伤害增加至125%",,,,爆轰炮,将妖力注入竹管，喷出雷云弹爆轰敌方目标，造成攻击221%伤害并有50%的概率削减1点鬼火，暴击时概率提升至100%。,"Lv.2伤害增加至233%
Lv.3伤害增加至244%
Lv.4伤害增加至255%
Lv.5伤害增加至266%",觉醒添加技能,竹之护,钻入竹管中，增加30%行动条并获得1层狐怒印记，上限4层。钻入时获得不可驱散的护盾，能吸收20％生命上限的伤害并提升100%防御；若此护盾被摧毁，则管狐失去所有狐怒印记层数并眩晕1回合。,"Lv.2护盾吸收量增至25%
Lv.3护盾吸收量增至30%
Lv.4护盾同时提升100%效果抵抗"
络新妇,10253.8,3537.6,396.9,112,0.1,0,0,毒针,跳至敌方目标面前攻击，造成攻击100%伤害。,"Lv.2伤害增加至105%
Lv.3伤害增加至110%
Lv.4伤害增加至115%
Lv.5伤害增加至125%",蜘蛛印记,造成伤害时，40%基础概率为目标附加蛛印，持续2回合。,,噬心食髓,"释放蜘蛛群攻击敌方全体，造成攻击72%伤害，并有20%基础概率使其眩晕1回合。
若其速度属性低于络新妇，每5点速度差，提升1%基础概率。","Lv.2伤害增加至76%
Lv.3伤害增加至80%
Lv.4伤害增加至83%
Lv.5对未被眩晕的目标附加噬心毒液，回合后造成攻击136%间接伤害，持续1回合。若其速度属性高于络新妇，每1点速度差，提升1%间接伤害。",属性增强:攻击加成增加10%,,,
般若,10595.56,3135.6,396.9,114,0.1,0,0,鬼之假面,甩出鬼面具攻击敌方目标，造成攻击100%伤害。,"Lv.2伤害增加至105%，鬼之爪伤害增加至94.5%
Lv.3伤害增加至110%，鬼之爪伤害增加至99%
Lv.4伤害增加至115%，鬼之爪伤害增加至103.5%
Lv.5伤害增加至120%，鬼之爪伤害增加至108%",嫉恨之心,攻击时，有40%基础概率为目标附加鬼面，持续2回合。,,鬼袭,巨大的鬼面袭向敌方全体，造成攻击110%伤害，并使自身狂暴，替换普攻为鬼之爪，持续2回合。,"Lv.2伤害增加至115%
Lv.3伤害增加至120%
Lv.4伤害增加至125%
Lv.5伤害增加至130%",觉醒技能增强,嫉恨之心,"攻击时，有40%基础概率为目标附加鬼面，持续2回合。
鬼面将可使式神被动技能失效。",
花鸟卷,14127.08,2304.8,396.9,112,0.05,0,0,归鸟,"使唤身旁的所有飞鸟攻击敌方目标，根据拥有的飞鸟数量来决定攻击次数，每次造成攻击40%伤害，并有50%概率为生命比例最低的友方治疗10%生命上限的生命。
回合开始或没有飞鸟时，补充1只飞鸟，上限2只。
进行反击将消耗1只飞鸟。","Lv.2治疗概率增至60%
Lv.3治疗概率增至70%
Lv.4治疗概率增至80%
Lv.5飞鸟上限增至3只",,,,花鸟相闻,为友方全体治疗生命上限8%的生命，并使之获得芬芳，持续2回合，依序治疗生命上限7%、6%的生命。,"Lv.2治疗增至10%
Lv.3芬芳依序治疗增至9%、8%
Lv.4治疗增至12%
Lv.5芬芳依序治疗增至11%、10%",觉醒添加技能,画境,"行动结束时，有20%概率增加20%行动条。
唯一效果，自身及友方受到控制时，有30%概率消耗1只飞鸟来抵挡该控制效果。","Lv.2行动结束触发概率增至25%
Lv.3增加行动条效果增至25%
Lv.4行动结束触发概率增至30%
Lv.5增加行动条效果增至30%"
苍风一目连,10367.72,3028.4,308.7,111,0.1,0,0,风符·灭,以风龙之力攻击敌方目标，造成攻击80%伤害，并获得等同该次伤害的风盾，持续3回合。,"Lv.2伤害增加至85%
Lv.3伤害增加至90%
Lv.4伤害增加至95%
Lv.5伤害增加至100%",风符·守,"在每个行动（不论敌我）结束时，使生命比例低于30%的友方目标获得风盾，能吸收攻击188%的伤害（不超过目标生命上限的200%），3回合冷却。
当友方失去风盾时，增加自身12%行动条。
【施放】使友方目标获得风盾，能吸收攻击188%的伤害（不超过目标生命上限的200%），持续3回合。","Lv.2风盾吸收量增至198%
Lv.3风盾吸收量增至207%
Lv.4风盾吸收量增至217%
Lv.5冷却回合数减至2",风止·苍龙坠,"神龙直冲云霄，召唤风暴轰击敌方全体，造成攻击158%伤害，若该伤害使目标生命比例低于50%，有100%基础概率为其附加孤立，持续1回合。
然后消耗友方全体拥有的风盾，每消耗一个，便对随机敌方目标造成攻击158%伤害，并有100%基础概率为其附加龙怒，持续2回合。","Lv.2伤害均增加至166%
Lv.3伤害均增加至174%
Lv.4伤害均增加至182%
Lv.5消耗风盾时，为原本拥有的友方恢复等同剩余盾量的生命",,风止·苍龙坠,"神龙直冲云霄，召唤风暴轰击敌方全体，造成攻击158%伤害，若该伤害使目标生命比例低于50%，有100%基础概率为其附加孤立，持续1回合。
然后消耗友方全体拥有的风盾，每消耗一个，便对随机敌方目标造成攻击158%伤害，并有100%基础概率为其附加龙怒，持续2回合。","Lv.2伤害均增加至166%
Lv.3伤害均增加至174%
Lv.4伤害均增加至182%
Lv.5消耗风盾时，为原本拥有的友方恢复等同剩余盾量的生命"
茨木童子,10253.8,3216,396.9,112,0.1,0,0,黑焰,以鬼气凝成黑色火焰攻击敌方目标，造成攻击100%伤害。,"Lv.2伤害增加至105%
Lv.3伤害增加至110%
Lv.4伤害增加至115%
Lv.5伤害增加至125%",迁怒,攻击时，若击杀非召唤物的敌人，对敌方全体造成等同过量伤害50%伤害并消耗所有的怒火；未造成击杀，则获得1层怒火，上限3层。,,地狱之手,以鬼之力从地狱唤出自己的手腕扑击敌方目标，造成攻击263%伤害。,"Lv.2伤害增加至276%
Lv.3伤害增加至289%
Lv.4伤害增加至302%
Lv.5伤害增加至315%",觉醒技能增强,迁怒,攻击时，若击杀非召唤物的敌人，对敌方全体造成等同过量伤害100%伤害并消耗所有的怒火；未造成击杀，则获得1层怒火，上限3层。,
荒川之主,11051.24,3001.6,401.31,111,0.2,0,0,游鱼,以黑色妖力将水凝成鱼形攻击敌方目标，造成攻击100%伤害。,"Lv.2伤害增加至105%
Lv.3伤害增加至110%
Lv.4伤害增加至115%
Lv.5伤害增加至125%",逐流,暴击时额外造成20%伤害，使自身被附加逐流，持续1回合。,,吞噬,"以黑色妖力凝成鱼群攻击敌方目标2次，首次造成攻击53%伤害并有100%基础概率附加孤立，持续2回合。第二次造成攻击211%伤害。
首次攻击将驱散目标随机1～2个增益状态，每个成功驱散会使第二次攻击伤害提升5%。","Lv.2第二次伤害增加至226%
Lv.3第二次伤害增加至241%
Lv.4第二次伤害增加至256%
Lv.5第二次伤害增加至270%",属性增强:暴击增加10%,,,
荒,10253.8,3323.2,489.51,104,0.1,0,0,星轨,释放星束攻击敌方目标，造成攻击100%伤害。,"Lv.2伤害增加至105%
Lv.3伤害增加至110%
Lv.4伤害增加至115%
Lv.5伤害增加至125%",星辰之境,回合开始前，有30%概率创造存在1回合的幻境；幻境中，任一友方对敌方进行普攻时，荒有50%概率协战。,"Lv.2释放幻境概率增至40%
Lv.3释放幻境概率增至50%
Lv.4释放幻境概率增至60%
Lv.5若鬼火数量不少于6点，则必定释放幻境",天罚·星,召唤流星攻击敌方目标3次，首次造成攻击104%伤害，后续伤害依次递减25%。,"Lv.2伤害增加至109%，同时强化『天罚·月』
Lv.3伤害增加至115%，同时强化『天罚·月』
Lv.4伤害增加至120%，同时强化『天罚·月』
Lv.5若击杀敌方，后续流星改为对敌方全体造成伤害，同时强化『天罚·月』",觉醒技能增强,星辰之境,"回合开始前，有30%概率创造存在1回合的幻境；幻境中，任一友方对敌方进行普攻时，荒有50%概率协战。
在幻境中，获得额外技能『天罚·月』。","Lv.2释放幻境概率增至40%
Lv.3释放幻境概率增至50%
Lv.4释放幻境概率增至60%
Lv.5若鬼火数量不少于6点，则必定释放幻境"
萤草,11393,2680,441,103,0.1,0,0,吸取,汇聚妖力攻击敌方目标，造成攻击100%伤害，并附带30%吸血。,"Lv.2伤害增加至105%
Lv.3伤害增加至110%
Lv.4伤害增加至115%
Lv.5伤害增加至125%",生花,"受到攻击时，治疗攻击15%的生命。
单次攻击内最多触发1次。","Lv.2治疗增至16%
Lv.3治疗增至17%
Lv.4治疗增至18%
Lv.5治疗增至19%",治愈之光,为友方全体治疗攻击87%的生命。,"Lv.2治疗增至91%
Lv.3治疗增至95%
Lv.4治疗增至99%
Lv.5治疗增至104%",觉醒技能增强,治愈之光,"为友方全体治疗攻击87%的生命，并使之获得光合作用，持续2回合，每回合治疗攻击22%的生命。
光合作用期间，每回合首次受到的间接伤害将被转化为等量的治疗。","Lv.2治疗增至91%，光合作用治疗增至23%
Lv.3治疗增至95%，光合作用治疗增至24%
Lv.4治疗增至99%，光合作用治疗增至25%
Lv.5治疗增至104%，光合作用治疗增至26%"
薰,13899.24,2251.2,396.9,111,0.03,0,0,干扰投掷,调皮地朝敌方目标投掷石头，造成攻击100%伤害。,"Lv.2伤害增加至105%
Lv.3伤害增加至110%
Lv.4伤害增加至115%
Lv.5对拥有4个或更多增益的目标，额外击退15%行动条",,,,温柔的守护,"牺牲30%当前生命，使友方目标获得鸮之守，维持1回合；并对友方全体各驱散1个减益状态或是控制效果。
然后若薰处于警戒状态，则使仍承受控制效果的友方获得鸮之舞，持续2回合；否则获得4点鬼火。","Lv.2鸮之守消失时，友方失去的生命减少至记录值70%
Lv.3消耗鬼火减少1点
Lv.4鸮之守消失时，友方失去的生命减少至记录值60%
Lv.5先机：使生命最少的友方获得鸮之守，维持1回合",觉醒添加技能,鸮之警惕,"唯一效果。
每个回合（不论敌我）开始时，在「玩耍／警戒」两种状态之间切换。
薰平常为玩耍状态，若承受控制效果的友方达2个或更多，薰会进入警戒状态。","Lv.2警戒状态，提升抵抗效果增至50%
Lv.3警戒状态，提升抵抗效果增至60%
Lv.4警戒状态，提升速度效果增至15点
Lv.5若处于玩耍状态，在自身回合结束时，使友方全体提升10%伤害，直到切换状态为止。"
虫师,14013.16,2385.2,388.08,115,0.03,0,0,虫之舞,闪烁到敌方目标面前并展开攻击，造成攻击100%伤害。,"Lv.2伤害增加至105%
Lv.3伤害增加至110%
Lv.4伤害增加至115%
Lv.5伤害增加至125%",虫之痕,受到伤害时，若自身未处于无法动作，则有25%概率免疫伤害，并有100%基础概率为攻击者附加虫之痕，持续2回合，单次攻击内最多触发1次。,,虫之护,为最多3个友方目标驱散1个减益状态或控制效果。然后为友方全体治疗生命上限12%的生命，受驱散的友方治疗量降低30%。,"Lv.2可驱散友方目标增至4个
Lv.3治疗增至15%
Lv.4受驱散的友方治疗量降低降至20%
Lv.5治疗增至18%",觉醒技能增强,虫之痕,"受到伤害时，若自身未处于无法动作，则有25%概率免疫伤害，并有100%基础概率为攻击者附加虫之痕，持续2回合，单次攻击内最多触发1次。
带有虫之痕的敌方受到伤害时，为生命比例最低的友方治疗等同该次伤害15%的生命。",
蜜桃&芥子,12418.28,2063.6,485.1,110,0.05,0,0,兔狱卒·叱责,跳到敌方目标面前攻击，造成攻击100%伤害。,"Lv.2伤害增加至105%
Lv.3伤害增加至110%
Lv.4伤害增加至115%
Lv.5伤害增加至125%",,,,蜜桃·地狱偶像,蜜桃真纪和芥子一起为队友打气，使友方全体增加15%行动条，并治疗生命上限6%的生命。,"Lv.2治疗增至8%
Lv.3增加行动条增至20%
Lv.4治疗增至10%
Lv.5增加行动条增至25%",觉醒添加技能,兔狱卒·坚毅,受到伤害时，有30%概率使该次伤害降低50%。,
蝴蝶精,12076.52,2438.8,454.23,115,0.05,0,0,香气袭人,扇动翅膀将能乱人心神的花粉吹向敌方目标，造成攻击100%伤害。,"Lv.2伤害增加至105%
Lv.3伤害增加至110%
Lv.4伤害增加至115%
Lv.5伤害增加至125%",,,,祈愿之舞,为友方目标驱散3个减益状态或控制效果，然后治疗生命上限30%的生命，并获得蝶舞，持续3回合，每回合治疗生命上限30%的生命。,"Lv.2治疗增至31%，蝶舞治疗增至31%
Lv.3治疗增至33%，蝶舞治疗增至33%
Lv.4治疗增至34%，蝶舞治疗增至34%
Lv.5治疗增至36%，蝶舞治疗增至36%",觉醒添加技能,轻盈,生命比例最低的友方，生命比例每降低30%，蝴蝶精便提升10点速度。,"Lv.2提升速度效果增至20点
Lv.3生命比例门槛降至25%生命
Lv.4提升速度效果增至30点
Lv.5生命比例门槛降至20%生命"
觉,11620.84,2599.6,445.41,108,0.05,0,0,棒打,挥舞着手中的狼牙棒跳过去敲打敌方目标，造成攻击100%伤害。,"Lv.2伤害增加至105%
Lv.3伤害增加至110%
Lv.4伤害增加至115%
Lv.5伤害增加至125%",,,,棒球炸弹,用狼牙棒向敌方打出炸弹球，爆炸对敌方全体造成攻击132%伤害。,"Lv.2伤害增加至139%
Lv.3伤害增加至146%
Lv.4伤害增加至153%
Lv.5伤害增加至160%",觉醒添加技能,记仇,"受到攻击时，有40%基础概率为攻击者附加记仇。
攻击带有记仇的敌方，伤害提升15%。",
跳跳哥哥,10709.48,3055.2,405.72,119,0.05,0,0,棺击,跳到敌人面前，甩出棺材狠砸敌方目标，造成攻击100%伤害。,"Lv.2伤害增加至105%
Lv.3伤害增加至110%
Lv.4伤害增加至115%
Lv.5伤害增加至125%",,,,死而复生,"在所有阵亡的友方位置均召唤1个棺材。
棺材在下次行动时牺牲，复活原本位于该位置的友方并治疗其生命上限100%的生命。
棺材继承该位置友方10%生命值，100%速度。此外，跳跳哥哥生命上限30%作为加成，平均分给所有棺材。","Lv.2继承生命值增至15%
Lv.3继承生命值增至20%
Lv.4继承生命值增至25%
Lv.5继承生命值增至30%",觉醒添加技能,不弃,"提升20%效果抵抗。
友方被击杀时，使用『棺击』攻击击杀者，并有100%基础概率使其眩晕，持续1回合。","Lv.2提升效果抵抗增至25%
Lv.3提升效果抵抗增至30%
Lv.4提升效果抵抗增至35%
Lv.5提升效果抵抗增至40%"
跳跳妹妹,10937.32,3055.2,396.9,108,0.1,0,0,坏人走开,往前冲，甩手抽打敌方目标2次，每次造成攻击50%伤害。,"Lv.2伤害增加至53%
Lv.3伤害增加至55%
Lv.4伤害增加至58%
Lv.5伤害增加至63%",不玩了啦,回合结束时，有30%概率使友方全体获得萝莉正义，持续2回合。,,汪汪出击,"召唤番茄，番茄可使用撕咬、愤怒；召唤时立即使用愤怒攻击生命比例最低的敌方。
番茄继承跳跳妹妹60%生命值，50%攻击。","Lv.2继承攻击增至80%
Lv.3番茄对敌方造成伤害时，驱散其随机1个增益状态
Lv.4继承生命值增至100%
Lv.5跳跳妹妹攻击时，番茄将协战",觉醒技能增强,汪汪出击,"召唤番茄，番茄可使用撕咬、愤怒；召唤时立即使用愤怒攻击生命比例最低的敌方。
敌方阵亡时，番茄将使用蛮横。
番茄继承跳跳妹妹60%生命值，50%攻击。","Lv.2继承攻击增至80%
Lv.3番茄对敌方造成伤害时，驱散其随机1个增益状态
Lv.4继承生命值增至100%
Lv.5跳跳妹妹攻击时，番茄将协战"
跳跳弟弟,10709.48,3028.4,410.13,104,0.08,0,0,直拳,往前跳并奋力使出直拳攻击敌方目标，造成攻击100%伤害。,"Lv.2伤害增加至105%
Lv.3伤害增加至110%
Lv.4伤害增加至115%
Lv.5伤害增加至125%",,,,毒气喷泉,"喷吐毒气攻击敌方全体，造成攻击76%伤害并附加跳跳尸毒，造成22%间接伤害，持续2回合。
敌方带有的跳跳尸毒被驱散时，为其附加腐蚀毒素，持续2回合。","Lv.2伤害增至80%，间接伤害增至23%
Lv.3伤害增至84%，间接伤害增至24%
Lv.4伤害增至88%，间接伤害增至25%
Lv.5伤害增至92%，间接伤害增至26%",觉醒添加技能,驱逐,受到伤害时提升攻击，等同所受伤害的5%。,"Lv.2提升攻击效果增至6%
Lv.3提升攻击效果增至7%
Lv.4提升攻击效果增至8%
Lv.5提升攻击效果增至9%"
辉夜姬,13785.32,2331.6,405.72,108,0.05,0,0,蓬莱玉枝,使用蓬莱玉枝召唤灵气攻击敌方目标，造成攻击100%伤害并有10%概率削减其1点鬼火。,"Lv.2伤害增加至105%
Lv.3伤害增加至110%
Lv.4伤害增加至115%
Lv.5伤害增加至125%",火鼠裘,"唯一效果。
受到攻击时，有30%概率获得1点鬼火。
若拥有『龙首之玉』的幻境，则任一友方受到攻击也会触发。受到群体攻击、多段攻击不多次触发。","Lv.2触发概率增至35%
Lv.3触发概率增至40%",龙首之玉,创造存在2回合的幻境，使友方全体提升15%防御、10%效果抵抗，且在回合开始前有67%概率获得1点鬼火。,"Lv.2提升防御效果增至20%
Lv.3提升效果抵抗效果增至15%
Lv.4提升防御效果增至25%
Lv.5提升效果抵抗效果增至20%",觉醒技能增强,火鼠裘,"唯一效果。
受到攻击时，有30%概率获得1点鬼火。
若拥有『龙首之玉』的幻境，则任一友方受到攻击也会触发。受到群体攻击、多段攻击不多次触发。
先机：施放『龙首之玉』","Lv.2触发概率增至35%
Lv.3触发概率增至40%"
追月神,12760.04,2304.8,449.82,109,0.05,0,0,邀月,使用月之印攻击敌方目标，造成攻击100%伤害，并增加自身20%行动条。,"Lv.2伤害增加至105%
Lv.3伤害增加至110%
Lv.4伤害增加至115%
Lv.5伤害增加至125%",,,,清辉月华,向月亮起舞降下月之祝福，维持1回合。期间使友方全体提升10点速度，并在其回合结束时，使鬼火行动条额外推进1格。,"Lv.2期间额外提升10%攻击
Lv.3提升速度效果，增至20点
Lv.4提升攻击效果，增至20%
Lv.5施放时，使自身获得庇护，可抵挡单次技能当中的所有控制效果",觉醒添加技能,明月潮生,先机：使鬼火行动条额外推进1格。,"Lv.2额外推进增至2格
Lv.3额外推进增至3格
Lv.4额外推进增至4格"
酒吞童子,11165.16,3135.6,374.85,113,0.1,0,0,鬼葫芦,以妖力操控鬼葫芦喷出瘴气攻击敌方目标，造成攻击100%伤害。若非进行反击，则每层狂气增加1次攻击次数。,"Lv.2伤害增加至105%
Lv.3伤害增加至110%
Lv.4伤害增加至115%
Lv.5伤害增加至125%",狂气,"回合结束时，有50%概率获得1层狂气。受到攻击时，有25%概率获得1层狂气。
狂气上限4层。",,狂啸,瞬间迸发妖力，恢复生命上限的30%，增加50%行动条，并进入鬼王降临，持续回合等同狂气层数，并在型态结束时失去所有狂气。,"Lv.2鬼王降临吸血效果增加至15%
Lv.3鬼王降临吸血效果增加至20%
Lv.4鬼王降临吸血效果增加至25%
Lv.5鬼王降临吸血效果增加至30%",属性增强:伤害减免增加10%,,,
金鱼姬,13671.4,2331.6,410.13,116,0.05,0,0,扇舞,"冲向敌方目标调皮地用扇子攻击，造成攻击80%伤害。
若金鱼在场，则为其治疗生命上限10%的生命并获得1层扇舞，上限5层。","Lv.2伤害增加至84%
Lv.3伤害增加至88%
Lv.4伤害增加至92%
Lv.5伤害增加至100%",金鱼·反击,当敌方累计行动8次时，金鱼对敌方全体造成攻击120%伤害，并有25%基础概率使其沉默，持续1回合。,,金鱼·助阵,"召唤金鱼，金鱼可使用鱼之怒。当友方被攻击时，若受到单体伤害，金鱼将为其分担40%（优先于薙魂触发），直到攻击结束，每次攻击最多触发一次。
金鱼继承金鱼姬48%生命值，100%攻击，100%速度。","Lv.2生命继承增至54%
Lv.3生命继承增至60%
Lv.4生命继承增至66%
Lv.5鱼之怒有50%概率击退30%行动条",觉醒技能增强,金鱼·助阵,"召唤金鱼，金鱼可使用鱼之怒。当友方被攻击时，若受到单体伤害，金鱼将为其分担40%（优先于薙魂触发），直到攻击结束，每次攻击最多触发一次。
金鱼继承金鱼姬48%生命值，100%攻击，100%速度，100%效果抵抗。","Lv.2生命继承增至54%
Lv.3生命继承增至60%
Lv.4生命继承增至66%
Lv.5普攻有50%概率击退30%行动条"
铁鼠,10709.48,2921.2,427.77,115,0.08,0,0,钱响叮当,乘着金币之轮哐啷哐啷地移动到敌人面前，趁敌方目标分神之际狠敲其脑袋，造成攻击100%伤害，有50%基础概率附加钱击，持续2回合。,"Lv.2伤害增加至105%
Lv.3伤害增加至110%
Lv.4伤害增加至115%
Lv.5伤害增加至125%",,,,钱即正义,以妖力操纵数不尽的金币攻击敌方全体2次，每次造成攻击44%伤害并有50%基础概率附加破绽，持续2回合。,"Lv.2伤害增加至46%
Lv.3伤害增加至48%
Lv.4伤害增加至50%
Lv.5伤害增加至52%",觉醒添加技能,横财护身,"受到攻击时，有40%基础概率为攻击者附加收买，持续2回合。
铁鼠出战并获得胜利的战斗，获得的金币奖励提升8%。",
镰鼬,11620.84,2680,432.18,117,0.05,0,0,胖揍,使用多种武器攻击敌方目标，造成攻击100%伤害，有20%基础概率随机附加以下一种效果，降低30%防御2回合、眩晕1回合、或每回合受到生命上限5%的伤害，持续2回合。,"Lv.2伤害增加至105%
Lv.3伤害增加至110%
Lv.4伤害增加至115%
Lv.5伤害增加至120%",,,,兄弟之绊,激励队友，使友方全体获得二哥呼哨、三弟呼哨，持续2回合。,"Lv.2二哥呼哨提升攻击效果增至20%
Lv.3可以使友方全体增加30%行动条
Lv.4三弟呼哨提升效果抵抗增至20%
Lv.5二哥呼哨提升攻击效果增至25%",觉醒添加技能,人多势众,回合结束时，有10%概率获得新的回合。,"Lv.2触发概率增至15%
Lv.3触发概率增至20%
Lv.4触发概率增至25%
Lv.5触发概率增至30%"
阎魔,11962.6,2465.6,454.23,127,0.05,0,0,鬼面,召唤鬼面攻击敌方目标，造成攻击100%伤害。,"Lv.2伤害增加至105%
Lv.3伤害增加至110%
Lv.4伤害增加至115%
Lv.5伤害增加至125%",夺魂,"敌方阵亡时在其位置召唤1个白色小鬼，小鬼在下次行动时牺牲并对敌方全体造成攻击100%伤害。
小鬼继承阎魔10%生命值，50%攻击；被小鬼占位的敌方无法被复活。
『怨魂重压』有50%基础概率将敌方目标变形为黑色小鬼，持续1回合。","Lv.2变形基础概率增加至55%
Lv.3变形基础概率增加至60%
Lv.4变形基础概率增加至65%
Lv.5变形基础概率增加至70%",怨魂重压,唤出亡灵攻击敌方目标，造成攻击211%伤害并有100%基础概率使其沉默2回合。,"Lv.2伤害增加至222%
Lv.3伤害增加至233%
Lv.4伤害增加至244%
Lv.5伤害增加至255%",属性增强:速度增加10,,,
阿香,10595.56,3162.4,401.31,114,0.05,0,0,蛇卒·毒牙,命令身后的蛇突袭敌方目标，造成攻击100%伤害。,"Lv.2伤害增加至105%
Lv.3伤害增加至110%
Lv.4伤害增加至115%
Lv.5伤害增加至125%",蛇之影,攻击时，有100%基础概率为敌方附加1层蛇之影，上限3层，持续3回合。,,蛇卒·狂暴,召唤蛇之力攻击敌方目标，造成攻击180%伤害（每层蛇之影额外提升40%），对有3层蛇之影的敌方有100%基础概率使其眩晕1回合。,"Lv.2伤害增加至189%
Lv.3伤害增加至198%
Lv.4伤害增加至207%
Lv.5伤害增加至216%",觉醒技能增强,蛇之影,"攻击时，有100%基础概率为敌方附加1层蛇之影，上限3层，持续3回合。
自身及友方受到非传导伤害时，有25%概率反击敌方，单次攻击内最多触发1次。",
雨女,12304.36,2251.2,476.28,103,0.05,0,0,泪珠,将蕴涵妖力的泪珠存在伞中，并在必要时射出泪弹攻击敌方目标，造成攻击100%伤害。,"Lv.2伤害增加至105%
Lv.3伤害增加至110%
Lv.4伤害增加至115%
Lv.5伤害增加至125%",,,,天之泪,"对敌方全体各驱散1个增益状态，并有50%基础概率为其附加泪之绊，持续2回合。
对友方全体带有的每个减益状态或控制效果有67%概率驱散，每位友方最多驱散4个。","Lv.2泪之绊减速基础概率增至100%
Lv.3驱散敌方增益状态数量增至2个
Lv.4泪之绊减速效果增至20点",觉醒添加技能,净化之雨,回合开始时，驱散自身所有减益状态和控制效果。,
雪女,10481.64,3055.2,414.54,109,0.08,0,0,雪球,扔出雪球攻击敌方目标，造成攻击100%伤害。,"Lv.2伤害增加至110%
Lv.3有25%基础概率使目标减速10点，持续2回合
Lv.4伤害增加至120%
Lv.5减速基础概率增至50%",,,,暴风雪,召唤暴风雪攻击敌方全体3次，每次造成攻击30%伤害，并有8%基础概率将其冰冻1回合，若敌方带有减速效果，则最终概率提升10%。,"Lv.2伤害增加至33%
Lv.3有8%基础概率减速10点，持续2回合
Lv.4伤害增加至36%
Lv.5减速基础概率增至16%",觉醒添加技能,冰甲术,回合结束时，获得护盾，能吸收6％生命上限的伤害。,"Lv.2护盾吸收量增至7%
Lv.3被攻击时，护盾有25%基础概率使攻击方减速10点，持续2回合
Lv.4护盾吸收量增至8%
Lv.5减速基础概率增至50%"
雪童子,10025.96,3323.2,388.08,121,0.08,0,0,雪走,"从胸前刀镡处拔出名刀""雪走""，挥出强力砍击攻击敌方目标，造成攻击80%伤害。","Lv.2伤害增加至84%
Lv.3伤害增加至88%
Lv.4伤害增加至92%
Lv.5伤害增加至100%",霜天之织,造成伤害或传导伤害时，有45%基础概率附加冰冻1～2回合，对带有冰冻的敌人会碎冰，使该次伤害提升300%并移除其冰冻。,,胧月雪华斩,"使用名刀""雪走""攻击敌方目标3次，每次造成攻击80%伤害，并使效果命中提升200%直到回合结束。","Lv.2伤害增加至84%
Lv.3伤害增加至88%
Lv.4伤害增加至92%
Lv.5伤害增加至100%",觉醒技能增强,霜天之织,"造成伤害或传导伤害时，有45%基础概率附加冰冻1～2回合，对带有冰冻的敌人会碎冰，使该次伤害提升300%并移除其冰冻。
战斗开始及回合结束时，获得霜织庇护，回合开始时，失去此印记。",
青坊主,13329.64,2385.2,414.54,118,0.05,0,0,摩诃,使用灵咒攻击敌方目标，造成攻击100%伤害。,"Lv.2伤害增加至105%
Lv.3伤害增加至110%
Lv.4伤害增加至115%
Lv.5伤害增加至125%",无量,"唯一效果。
战斗开始时，获得1层佛光，上限6层，最少1层，持续到战斗结束。
每当友方受到控制效果时，获得1层佛光；回合结束时，失去1层佛光。",,禅心,使用灵咒攻击敌方全体，造成攻击185%伤害。青坊主杀心受佛光抑制，每层降低10%伤害。,"Lv.2伤害增加至195%
Lv.3伤害增加至204%
Lv.4伤害增加至213%
Lv.5伤害增加至222%",觉醒技能增强,禅心,使用灵咒攻击敌方全体，造成攻击185%伤害，对召唤物造成双倍伤害。青坊主杀心受佛光抑制，每层降低10%伤害。,"Lv.2伤害增加至195%
Lv.3伤害增加至204%
Lv.4伤害增加至213%
Lv.5伤害增加至222%"
青蛙瓷器,10595.56,2974.8,423.36,107,0.1,0,0,出千,突然变出麻将砸向敌方目标，造成攻击100%伤害。,"Lv.2伤害增加至105%
Lv.3伤害增加至110%
Lv.4伤害增加至115%
Lv.5伤害增加至125%",,,,岭上开花,对敌方目标投出骰子，根据骰子点数来决定攻击次数，每次造成攻击49%伤害。,"Lv.2伤害增加至52%
Lv.3伤害增加至54%
Lv.4伤害增加至57%
Lv.5伤害增加至59%",觉醒添加技能,转运,"阵亡时，对每个敌方免消耗施放1次『岭上开花』，若有至少两个骰子同点，则立即复活并治疗自身，治疗等同生命上限10%x最小同点数。
冷却时间为最大同点数。",
青行灯,11620.84,2438.8,471.87,119,0.08,0,0,幽光,以妖力攻击敌方目标，造成攻击100%伤害并有30%概率吸取1点鬼火。,"Lv.2伤害增加至105%
Lv.3伤害增加至110%
Lv.4伤害增加至115%
Lv.5伤害增加至120%",明灯,"唯一效果。
其他友方式神的回合开始时，有10%概率使其获得明灯直到回合结束。","Lv.2触发概率增至12%
Lv.3触发概率增至14%
Lv.4触发概率增至16%
Lv.5触发概率增至40%，但每拥有1点鬼火使概率降低3%",吸魂灯,燃起鬼灯攻击敌方全体，造成攻击158%伤害，并对每个伤害的敌方有30%概率吸取1点鬼火。,"Lv.2伤害增加至165%
Lv.3伤害增加至172%
Lv.4伤害增加至180%
Lv.5伤害增加至190%",觉醒技能增强,明灯,"唯一效果。
其他友方式神的回合开始时，有10%概率使其获得明灯直到回合结束。拥有明灯并施放技能时，每余1点鬼火使该次技能伤害提升5%。","Lv.2触发概率增加至12%
Lv.3触发概率增加至14%
Lv.4触发概率增加至16%
Lv.5触发概率增至40%，但每拥有1点鬼火使概率降低3%"
面灵气,10139.88,3242.8,396.9,119,0.08,0,0,注灵,为敌方目标附加无面，造成攻击100%间接伤害，持续1回合。,"Lv.2间接伤害增至105%
Lv.3间接伤害增至110%
Lv.4间接伤害增至115%
Lv.5间接伤害增至125%",轮回之面,"场上每层恶面使自身提升10点速度、10%伤害，每层善面提升10%效果抵抗、10%减伤。
善面在友方行动后，为其增加5%行动条，后转化为恶面附加至随机敌方目标（没有恶面优先，再是生命比例较低优先）。","Lv.2恶面提升速度增至15点
Lv.3善面提升效果抵抗增至20%
Lv.4恶面提升速度增至20点
Lv.5善面增加行动条增至10%",禁断之面,"召回所有面具，使拥有善面的友方增加20%行动条，对带有恶面的敌方造成攻击130%间接伤害（每层恶面额外提升10%）。然后使其他友方获得善面。
面灵气无法获得善面。","Lv.2恶面间接伤害增至140%
Lv.3善面增加行动条增至25%
Lv.4恶面间接伤害增至150%
Lv.5善面增加行动条增至30%",觉醒技能增强,禁断之面,"召回所有面具，使拥有善面的友方增加20%行动条，对带有恶面的敌方造成攻击130%间接伤害（每层恶面额外提升10%）。然后使其他友方获得善面。
先机：使其他友方获得善面。
面灵气无法获得善面。","Lv.2恶面间接伤害增至140%
Lv.3善面增加行动条增至25%
Lv.4恶面间接伤害增至150%
Lv.5善面增加行动条增至30%"
食发鬼,10709.48,2894.4,432.18,118,0.08,0,0,发鞭,用引以为傲的长发编成鞭子，鞭打敌方目标，造成攻击100%伤害。,"Lv.2伤害增加至105%
Lv.3伤害增加至110%
Lv.4伤害增加至115%
Lv.5伤害增加至120%",迷烟,从烟斗吹出迷烟，飘至敌人处化作发丝紧紧缠住敌方目标，100%基础概率使其沉睡1回合。,,真实之颜,露出发幕下的真面目恫吓敌方全体，造成攻击87%伤害。,"Lv.2伤害增加至91%
Lv.3伤害增加至96%
Lv.4伤害增加至100%
Lv.5伤害增加至104%",觉醒技能增强,真实之颜,露出发幕下的真面目恫吓敌方全体，造成攻击87%伤害，并击退30%行动条。,"Lv.2伤害增加至91%
Lv.3伤害增加至96%
Lv.4伤害增加至100%
Lv.5伤害增加至104%"
食梦貘,11962.6,2412,463.05,119,0.05,0,0,入眠,尝试让敌方目标陷入噩梦，造成攻击80%伤害，20%概率驱散所有增益状态，20%基础概率使其沉睡，持续1回合。,"Lv.2伤害增加至85%
Lv.3伤害增加至90%
Lv.4伤害增加至95%
Lv.5伤害增加至100%",沉睡,造成伤害时，不会自动移除目标的沉睡。,,食梦者,潜入敌人梦中，使敌方全体有30%基础概率沉睡，持续1~2回合。,"Lv.2沉睡的基础概率增至35%
Lv.3沉睡的基础概率增至40%
Lv.4沉睡的基础概率增至45%
Lv.5沉睡的基础概率增至50%",觉醒技能增强,沉睡,"造成伤害时，不会自动移除目标的沉睡。
任何目标被沉睡时，为生命比例最低的友方治疗5%生命上限的生命。",
饿鬼,11393,2840.8,414.54,105,0.08,0,0,臭馒头,把腐臭的馒头扔向敌方目标，造成攻击100%伤害并有20%概率偷取1个增益状态，然后有30%基础概率获得1层馒头，上限4层。,"Lv.2伤害增加至105%
Lv.3伤害增加至110%
Lv.4伤害增加至115%
Lv.5伤害增加至125%",盗窃,10%概率协战。,"Lv.2触发概率增至15%
Lv.3触发概率增至20%
Lv.4触发概率增至25%
Lv.5触发概率增至30%",饥不择食,"对敌方目标造成攻击100%伤害，有30%基础概率将其吞食并在1回合后吐出，此期间被攻击时有15%概率提早吐出。
敌方被吐出时失去所有增益状态。
每层馒头可以提升吞食概率30%，未成功吞食时获得1层馒头。","Lv.2伤害增加至105%
Lv.3伤害增加至110%
Lv.4伤害增加至115%
Lv.5伤害增加至120%",觉醒技能增强,饥不择食,"对敌方目标造成攻击100%伤害，有30%基础概率将其吞食并在1回合后吐出，此期间被攻击时有15%概率提早吐出。吐出时，使该敌方失去所有增益状态。
每层馒头可以提升吞食概率30%，未成功吞食时获得1层馒头。
若击杀敌方，则回复所有生命。","Lv.2伤害增加至105%
Lv.3伤害增加至110%
Lv.4伤害增加至115%
Lv.5伤害增加至120%"
首无,10937.32,2894.4,423.36,110,0.1,0,0,重击,重击敌方目标，造成攻击100%伤害。,"Lv.2伤害增加至105%
Lv.3伤害增加至110%
Lv.4伤害增加至115%
Lv.5伤害增加至125%",,,,虚无,施放虚无符咒，对敌方目标造成攻击206%伤害并无视40%防御。,"Lv.2伤害增加至216%
Lv.3伤害增加至226%
Lv.4伤害增加至236%
Lv.5伤害增加至246%",觉醒添加技能,冥火,"造成伤害时，偷取目标40%暴击，持续1回合。
同时间内只能对一个目标生效。",
骨女,9912.04,2948,454.23,107,0.1,0,0,骨刃,以饱含怨恨的骨刃，刺向敌方目标，造成攻击100%伤害。,"Lv.2伤害增加至105%
Lv.3伤害增加至110%
Lv.4伤害增加至115%
Lv.5伤害增加至125%",怨生,"受到攻击时，获得1层怨气，上限6层。
阵亡时，若拥有4层以上怨气，则消耗所有层数，立即复活并治疗生命上限20%的生命。",,一步一息,疾闪至敌人身后，对敌方目标攻击3次，每次造成攻击78%伤害并无视40%防御。,"Lv.2伤害增加至82%
Lv.3伤害增加至86%
Lv.4伤害增加至90%
Lv.5伤害增加至94%",觉醒技能增强,怨生,"受到攻击时，获得1层怨气，每层提升5%攻击，上限6层。
阵亡时，若拥有4层以上怨气，则消耗所有层数，立即复活并治疗生命上限20%的生命。",
鬼使白,10253.8,3055.2,423.36,116,0.08,0,0,活死人,汇聚冥界力量攻击敌方目标，造成攻击100%伤害并有100%基础概率减疗40%。持续2回合。,"Lv.2伤害增加至105%
Lv.3伤害增加至110%
Lv.4伤害增加至115%
Lv.5伤害增加至120%",魂狩,"敌方阵亡时，增加50%行动条。
【施放】在所有阵亡的敌方位置召唤1个白色小鬼，小鬼在下次行动时牺牲并攻击敌方全体，造成攻击100%间接伤害。
小鬼继承鬼使白10%生命值，50%攻击；被小鬼占位的敌方无法被复活。","Lv.2继承生命值增至15%，继承攻击增至60%
Lv.3继承生命值增至20%，继承攻击增至70%
Lv.4继承生命值增至25%，继承攻击增至80%
Lv.5继承生命值增至30%，继承攻击增至90%",无常夺命,从地狱唤出鬼手攻击敌方全体3次，每次造成攻击32%伤害，然后对敌方全体附加夺命，造成攻击158%间接伤害，持续1回合。,"Lv.2间接伤害增至167%
Lv.3间接伤害增至174%
Lv.4间接伤害增至182%
Lv.5持续回合增至2回合",觉醒技能增强,无常夺命,从地狱唤出鬼手攻击敌方全体3次，每次造成攻击32%伤害并有100%基础概率附加4级中毒，持续1回合；然后对敌方全体附加夺命，造成攻击158%间接伤害，持续1回合。,"Lv.2间接伤害增至167%
Lv.3间接伤害增至174%
Lv.4间接伤害增至182%
Lv.5持续回合增至2回合"
鬼使黑,10367.72,3419.68,410.13,101,0.1,0,0,惩戒,持巨大的黑镰惩戒敌方目标，造成攻击100%伤害。,"Lv.2伤害增加至105%
Lv.3伤害增加至110%
Lv.4伤害增加至115%
Lv.5伤害增加至125%",索命,击杀敌方时，获得新的回合。,,死亡宣判,挥舞镰刀攻击敌方全体，造成攻击106%伤害。对生命比例高于40%的敌方，伤害提升50%，反之伤害降低50%。,"Lv.2伤害增加至111%
Lv.3伤害增加至117%
Lv.4伤害增加至122%
Lv.5伤害增加至128%",属性增强:攻击加成增加10%,,,
鬼切,10823.4,3350,352.8,117,0.11,0,0,鬼斩,"拔出三把佩刀中的随机一把砍击敌方目标，造成攻击80%伤害，并根据不同佩刀，有100%基础概率附加对应减益状态，持续1回合。
髭切：减速20点
友切：减疗75%
狮子之子：降低20%防御","Lv.2伤害增加至84%
Lv.3伤害增加至88%
Lv.4伤害增加至92%
Lv.5伤害增加至100%",鬼刃·罗城门,"攻击后，若目标生命低于85%，对其追加1次斩击，造成攻击125%伤害。然后该目标生命若还低于65%，再追加1次对敌方全体的斩击，造成攻击125%伤害。
追加的斩击无视护盾、无法分担、不触发目标的御魂及被动。",,鬼影闪,同时拔出三把佩刀，攻击敌方目标3次，每次造成攻击80%伤害并各有50%基础概率为其附加佩刀的对应减益状态。,"Lv.2伤害增加至84%
Lv.3伤害增加至88%
Lv.4伤害增加至92%
Lv.5伤害增加至100%",觉醒技能增强,鬼刃·罗城门,"攻击后，若目标生命低于85%，对其追加1次斩击，造成攻击125%伤害。然后该目标生命若还低于65%，再追加1次对敌方全体的斩击，造成攻击125%伤害。
追加的斩击无视护盾、无法分担、不触发目标的御魂及被动，并使自身提升50%效果抵抗，持续1回合。",
鬼女红叶,10253.8,2974.8,436.59,114,0.08,0,0,红枫,发射枫叶攻击敌方目标，造成攻击100%伤害。,"Lv.2伤害增加至105%
Lv.3伤害增加至110%
Lv.4伤害增加至115%
Lv.5伤害增加至125%",爆炸之咒,攻击时，为目标附加红枫娃娃，持续2回合。,"Lv.2红枫娃娃的间接伤害增至22%，触发概率增至60%
Lv.3红枫娃娃的间接伤害增至26%，触发概率增至70%
Lv.4红枫娃娃的间接伤害增至30%，触发概率增至80%
Lv.5带有红枫娃娃的目标，施放消耗鬼火的技能后，50%概率削减1点鬼火",死亡之舞,以妖力舞动红枫化作利刃飞速割伤敌方全体，造成攻击132%伤害。,"Lv.2伤害增加至139%
Lv.3伤害增加至146%
Lv.4伤害增加至152%
Lv.5伤害增加至159%",觉醒技能增强,爆炸之咒,攻击时，为目标附加红枫娃娃，持续2回合。带有红枫娃娃的目标阵亡时，消耗每个敌方的红枫娃娃，每消耗一个，便对敌方全体造成攻击42%间接伤害。,"Lv.2红枫娃娃的间接伤害增至22%，触发概率增至60%
Lv.3红枫娃娃的间接伤害增至26%，触发概率增至70%
Lv.4红枫娃娃的间接伤害增至30%，触发概率增至80%
Lv.5带有红枫娃娃的目标，施放消耗鬼火的技能后，50%概率削减1点鬼火"
鬼灯,9228.52,3189.2,441,110,0.1,0,0,锤击,挥舞手中的狼牙棒，对敌方目标攻击2次，依序造成攻击30%、攻击70%伤害。,"Lv.2依序伤害增加至32%、74%
Lv.3依序伤害增加至33%、77%
Lv.4依序伤害增加至35%、81%
Lv.5依序伤害增加至38%、88%",掌控,"对敌方造成伤害时，有22%基础概率使其眩晕1回合。
回合结束后，若自身未承受控制效果，则攻击带有控制效果的随机友方目标2次，每次造成攻击10%伤害，然后驱散或解除其带有的所有控制效果，并增加其30%行动条。",,地狱之鬼,挥舞狼牙棒，快速猛烈的连续攻击敌方目标3次，依序造成攻击44%、攻击88%和攻击132%伤害。,"Lv.2依序伤害增加至47%、93%、139%
Lv.3依序伤害增加至49%、97%、146%
Lv.4依序伤害增加至51%、102%、152%
Lv.5依序伤害增加至55%、110%、165%",觉醒技能增强,掌控,"对敌方造成伤害时，有22%基础概率使其眩晕1回合，对眩晕的敌方必定暴击。
回合结束后，若自身未承受控制效果，则攻击带有控制效果的随机友方目标2次，每次造成攻击10%伤害，然后驱散或解除其带有的所有控制效果，并增加其30%行动条。",
鲤鱼精,11620.84,2733.6,423.36,117,0.05,0,0,尾鞭,挥起鱼尾攻击敌方目标，造成攻击100%伤害。,"Lv.2伤害增加至105%
Lv.3驱散1个增益状态
Lv.4伤害增加至110%
Lv.5伤害增加至115%",泡泡之盾,将泡泡化为能量守护，使友方全体获得护盾，能吸收12％生命上限的伤害，持续2回合。,"Lv.2护盾吸收量增至14%
Lv.3护盾吸收量增至16%
Lv.4护盾吸收量增至18%
Lv.5护盾存在时获得50%间接伤害减免",泡泡之牢,将泡泡化作牢笼，有100%基础概率将敌方目标禁锢，禁锢能吸收攻击150%伤害，并降低20%暴击，持续2回合。,"Lv.2对被禁锢的敌方，在回合后造成攻击50%伤害
Lv.3禁锢吸收量增至165%
Lv.4造成伤害增加至63%
Lv.5禁锢吸收量增至180%",觉醒技能增强,泡泡之盾,将泡泡化为能量守护，使友方全体获得护盾，能吸收12％生命上限的伤害并提升10%效果命中，持续2回合。,"Lv.2护盾吸收量增至14%
Lv.3护盾吸收量增至16%
Lv.4护盾吸收量增至18%
Lv.5护盾存在时获得50%间接伤害减免"
鸦天狗,10481.64,2974.8,427.77,111,0.08,0,0,正义之刺,疾闪攻击敌方目标，造成攻击80%伤害。有30%概率邀战随机友方。,"Lv.2伤害增加至90%
Lv.3邀战概率增至35%
Lv.4伤害增加至100%
Lv.5邀战概率增至40%",,,,群鸦乱舞,以妖力召集黑鸦，对每个敌方按生命比例由低至高逐个攻击，每次造成攻击119%伤害并有30%概率邀战随机友方。与战斗开始时相比，每少一个敌方，伤害提升20%，最多提升100%。,"Lv.2伤害增加至131%
Lv.3邀战概率增至35%
Lv.4伤害增加至143%
Lv.5邀战概率增至40%",觉醒添加技能,羽清,回合开始时，有50%概率驱散或解除一名随机友方带有的1个控制效果。,"Lv.2触发概率增至70%
Lv.3触发概率增至90%
Lv.4『正义之刺』、『群鸦乱舞』邀战友方时，驱散或解除其带有的所有控制效果"
鸩,11393,3001.6,388.08,119,0.05,0,0,鸩羽,"射出毒羽攻击敌方目标，造成攻击80%伤害并附加2层毒羽，此外，还有100%基础概率附加2回合的中毒（等级为该目标的毒羽层数）。
毒羽上限5层，在造成间接伤害后减少1层。","Lv.2伤害增加至85%
Lv.3伤害增加至90%
Lv.4伤害增加至95%
Lv.5伤害增加至100%",毒之华,为敌方全体附加2层毒羽，根据毒羽层数1～5层，造成目标生命上限1%、3%、6%、10%、15%间接伤害（不超过鸩攻击280%）。,"Lv.2毒羽造成的间接伤害根据层数增至1.5%、4.5%、9%、15%、22.5%
Lv.3鸩造成间接伤害时，目标带有的每层毒羽视同降低50防御
Lv.4毒羽造成的间接伤害根据层数增至2%、6%、12%、20%、30%
Lv.5对层数已达上限的目标再次附加毒羽时，对该目标造成其生命上限30%的间接伤害（不超过鸩攻击280%）",毒蚀,释放羽毛上的毒素攻击敌方目标，造成攻击175%伤害，对带有毒羽的敌人，消耗所有层数，每层造成攻击35%间接伤害。,"Lv.2伤害增至184%，间接伤害增至37%
Lv.3伤害增至193%，间接伤害增至39%
Lv.4伤害增至202%，间接伤害增至41%
Lv.5伤害增至210%，间接伤害增至42%",觉醒技能增强,毒之华,"受到攻击时，为攻击者附加1层毒羽。
【施放】为敌方全体附加2层毒羽，根据毒羽层数1～5层，造成目标生命上限1%、3%、6%、10%、15%间接伤害（不超过鸩攻击280%）。","Lv.2毒羽造成的间接伤害加成500%
Lv.3鸩造成间接伤害时，目标带有的每层毒羽视同降低50防御
Lv.4毒羽造成的间接伤害加成改为500%
Lv.5对层数已达上限的目标再次附加毒羽时，对该目标造成其生命上限30%的间接伤害（不超过鸩攻击280%）"
黑童子,9912.04,3376.8,383.67,109,0.09,0,0,罪罚·黑,攻击敌方目标，造成攻击100%伤害，该次伤害波动区间较大。,"Lv.2伤害增加至105%
Lv.3伤害增加至110%
Lv.4伤害增加至115%
Lv.5伤害增加至125%",魂之怒火,受到非传导伤害时，有12%概率免消耗施放一次『连斩』。,"Lv.2触发概率增至14%
Lv.3触发概率增至16%
Lv.4触发概率增至18%
Lv.5触发概率增至20%",连斩,旋转刀刃对敌方全体攻击1次，造成攻击83%伤害；自身生命比例每降低30%，增加1次攻击次数。,"Lv.2伤害增加至87%
Lv.3伤害增加至91%
Lv.4伤害增加至95%
Lv.5伤害增加至99%",觉醒技能增强,连斩,"旋转刀刃对敌方全体攻击1次，造成攻击83%伤害；自身生命比例每降低30%，增加1次攻击次数。
若击杀敌方，接着免消耗施放一次降低40%伤害的『连斩』。","Lv.2伤害增加至87%
Lv.3伤害增加至91%
Lv.4伤害增加至95%
Lv.5伤害增加至99%"
